,Date,Titer_Plate,Round,In_Out,Plate,Sample,Vol,C_Dilution,C_Count,C_pfu/mL,C_pfu/well,C_log(pfu/mL),C_log(pfu/well),C_log(change),Group_mean(log_pfu/well),Group_std(log_pfu/well),Notes,C_log(enrichment),1x_input_vs_1/100x_input,K_Dilution,K_Count,K_pfu/mL,K_pfu/well,K_log(pfu/mL),K_log(pfu/well),K_log(enrichment),log(carb-kan/ml),log(carb-kan/well),kind,fraction,r,sample_full
0,2022-10-15,1.0,R5,in,1+,A1,0.6,-8,133.38353,13338353000000.0,8003011800000.0,13.125102206854075,12.903253457237717,,13.111909824200104,0.027111413122443206,,,,-8.0,100.0,10000000000000.0,6000000000000.0,13.0,12.778151250383644,,0.12510220685407525,0.12510220685407347,+,i,5,A1
1,,,R5,in,1+,A2,0.6,-8,134.832016,13483201600000.002,8089920960000.001,13.129793028113236,12.907944278496878,,,,,,,,,,,,,,,,+,i,5,A2
2,,,R5,in,1+,A3,0.6,-8,124.114471,12411447100000.0,7446868260000.0,13.093822420572506,12.87197367095615,,,,,,,,,,,,,,,,+,i,5,A3
3,,,R5,in,1+,A4,0.6,-8,124.551857,12455185700000.0,7473111420000.0,13.095350207013759,12.873501457397403,,,,,,,,,,,,,,,,+,i,5,A4
4,,,R5,in,1+,A5,0.6,-8,119.625549,11962554900000.0,7177532940000.0,13.077823943906099,12.855975194289742,,,,,,,,,,,,,,,,+,i,5,A5
5,,,R5,in,1+,A6,0.6,-8,141.113037,14111303700000.0,8466782220000.0,13.149567138740952,12.927718389124596,,,,,,,,,,,,,,,,+,i,5,A6
6,,,R5,out,1+,A1,0.5,-4,24.595459,245954590.00000003,122977295.00000001,8.39085493176655,8.089824936102568,4.813428521135149,8.583864723899886,0.6967933117069468,,,,,,,,,,,,,+,+,5,A1
7,,,R5,out,1+,A2,0.5,-3,59.92498,59924980.0,29962490.0,7.777607897759657,7.476577902095676,5.4313663764012015,,,,,,,,,,,,,,,+,+,5,A2
8,,,R5,out,1+,A3,0.5,-4,48.225204,482252040.0,241126020.0,8.68327407345199,8.382244077788009,4.489729593168141,,,,,,,,,,,,,,,+,+,5,A3
9,,,R5,out,1+,A4,0.5,-4,13.414162,134141619.99999999,67070809.99999999,8.127563546918994,7.826533551255012,5.046967906142391,,,,,,,,,,,,,,,+,+,5,A4
10,,,R5,out,1+,A5,0.5,-4,51.644508,516445080.0,258222540.0,8.713024144401407,8.411994148737426,4.4439810455523165,,,,,,,,,,,,,,,+,+,5,A5
11,,,R5,out,1+,A6,0.5,-5,64.693962,6469396200.0,3234698100.0,9.810863749100719,9.509833753436737,3.4178846356878587,,,,,,,,,,,,,,,+,+,5,A6
12,,2.0,R5,in,1+,A7,0.6,-8,81.987213,8198721300000.0,4919232780000.0,12.913746123644996,12.69189737402864,,12.915068449343783,0.12514759507077328,,,,,,,,,,,,,+,i,5,A7
13,,,R5,in,1+,A8,0.6,-8,107.617531,10761753100000.0,6457051860000.0,13.031883024084978,12.810034274468622,,,,,,,,,,,,,,,,+,i,5,A8
14,,,R5,in,1+,A9,0.6,-8,106.67366,10667366000000.0,6400419600000.0,13.02805719609886,12.806208446482502,,,,,,,,,,,,,,,,+,i,5,A9
15,,,R5,in,1+,A10,0.6,-8,54.930477,5493047700000.0,3295828620000.0,12.739813370322441,12.517964620706085,,,,,,,,,,,,,,,,+,i,5,A10
16,,,R5,in,1+,A11,0.6,-8,61.524055,6152405500000.0,3691443300000.0,12.78904495172978,12.567196202113424,,,,,,,,,,,,,,,,+,i,5,A11
17,,,R5,in,1+,A12,0.6,-8,97.24472,9724472000000.0,5834683200000.0,12.987866030181646,12.76601728056529,,,,,,,,,,,,,,,,+,i,5,A12
18,,,R5,out,1+,A7,0.5,-3,42.319,42319000.0,21159500.0,7.626535396748938,7.325505401084957,5.366391972943683,7.858632277641701,0.4685773525302028,,,,,,,,,,,,,+,+,5,A7
19,,,R5,out,1+,A8,0.5,-3,19.637877,19637877.0,9818938.5,7.293094535537429,6.992064539873447,5.817969734595175,,,,,,,,,,,,,,,+,+,5,A8
20,,,R5,out,1+,A9,0.5,-4,19.777725,197777250.0,98888625.0,8.296176333936119,7.9951463382721375,4.811062108210365,,,,,,,,,,,,,,,+,+,5,A9
21,,,R5,out,1+,A10,0.5,-3,43.40284,43402840.0,21701420.0,7.637518147852949,7.336488152188967,5.1814764685171175,,,,,,,,,,,,,,,+,+,5,A10
22,,,R5,out,1+,A11,0.5,-3,56.551445,56551445.0,28275722.5,7.752443706476481,7.4514137108125,5.115782491300924,,,,,,,,,,,,,,,+,+,5,A11
23,,,R5,out,1+,A12,0.5,-4,35.158112,351581120.0,175790560.0,8.546025545298289,8.244995549634307,4.521021730930983,,,,,,,,,,,,,,,+,+,5,A12
24,,3.0,R5,in,1+,B1,0.6,-8,81.771317,8177131700000.0,4906279020000.0,12.912600992508454,12.690752242892097,,12.90218514339824,0.08562199585848798,,,,,,,,,,,,,+,i,5,B1
25,,,R5,in,1+,B2,0.6,-8,104.929779,10492977900000.0,6295786740000.0,13.020898758165295,12.799050008548939,,,,,,,,,,,,,,,,+,i,5,B2
26,,,R5,in,1+,B3,0.6,-8,73.92749,7392749000000.001,4435649400000.0,12.86880596120016,12.646957211583803,,,,,,,,,,,,,,,,+,i,5,B3
27,,,R5,in,1+,B4,0.6,-8,78.867508,7886750800000.0,4732050480000.0,12.896898118511494,12.675049368895138,,,,,,,,,,,,,,,,+,i,5,B4
28,,,R5,in,1+,B5,0.6,-8,89.072655,8907265500000.0,5344359300000.0,12.94974439757971,12.727895647963352,,,,,,,,,,,,,,,,+,i,5,B5
29,,,R5,in,1+,B6,0.6,-8,58.098194,5809819400000.0,3485891640000.0,12.764162632424327,12.54231388280797,,,,,,,,,,,,,,,,+,i,5,B6
30,,,R5,out,1+,B1,0.5,-4,42.744488,427444879.99999994,213722439.99999997,8.630880119402843,8.329850123738861,4.360902119153236,8.701158420110941,0.46285529079089377,,,,,,,,,,,,,+,+,5,B1
31,,,R5,out,1+,B2,0.5,-4,16.134621,161346210.0,80673105.0,8.207758768342849,7.906728772678867,4.892321235870072,,,,,,,,,,,,,,,+,+,5,B2
32,,,R5,out,1+,B3,0.5,-4,35.885201,358852010.0,179426005.0,8.554915383143125,8.253885387479144,4.393071824104659,,,,,,,,,,,,,,,+,+,5,B3
33,,,R5,out,1+,B4,0.5,-4,27.407227,274072270.0,137036135.0,8.437865096848498,8.136835101184516,4.538214267710622,,,,,,,,,,,,,,,+,+,5,B4
34,,,R5,out,1+,B5,0.5,-4,67.335716,673357160.0,336678580.0,8.828245482459796,8.527215486795816,4.200680161167536,,,,,,,,,,,,,,,+,+,5,B5
35,,,R5,out,1+,B6,0.5,-5,35.260273,3526027300.0,1763013650.0,9.547285670468538,9.246255674804557,3.296058208003414,,,,,,,,,,,,,,,+,+,5,B6
36,,4.0,R5,in,1+,B7,0.6,-8,80.588974,8058897399999.999,4835338439999.999,12.90627562668697,12.684426877070614,,12.82623570150354,0.1505225615574176,,,,,,,,,,,,,+,i,5,B7
37,,,R5,in,1+,B8,0.6,-8,74.596291,7459629099999.999,4475777459999.999,12.872717234466261,12.650868484849905,,,,,,,,,,,,,,,,+,i,5,B8
38,,,R5,in,1+,B9,0.6,-8,92.50312,9250312000000.0,5550187200000.0,12.966156381127488,12.744307631511132,,,,,,,,,,,,,,,,+,i,5,B9
39,,,R5,in,1+,B10,0.6,-8,50.124527,5012452700000.0,3007471620000.0,12.700050287428555,12.478201537812199,,,,,,,,,,,,,,,,+,i,5,B10
40,,,R5,in,1+,B11,0.6,-8,38.352787,3835278700000.0,2301167220000.0,12.583796928512964,12.361948178896608,,,,,,,,,,,,,,,,+,i,5,B11
41,,,R5,in,1+,B12,0.6,-8,84.804276,8480427600000.0,5088256560000.0,12.928417750799001,12.706569001182645,,,,,,,,,,,,,,,,+,i,5,B12
42,,,R5,out,1+,B7,0.5,-3,64.856178,64856178.0,32428089.0,7.811951351946924,7.510921356282942,5.173505520787671,7.80416116492064,0.21018098527227475,,,,,,,,,,,,,+,+,5,B7
43,,,R5,out,1+,B8,0.5,-3,66.856812,66856812.00000001,33428406.000000004,7.825145663853652,7.524115668189671,5.126752816660234,,,,,,,,,,,,,,,+,+,5,B8
44,,,R5,out,1+,B9,0.5,-3,58.842419,58842419.0,29421209.5,7.7696905181812115,7.46866052251723,5.275647108993902,,,,,,,,,,,,,,,+,+,5,B9
45,,,R5,out,1+,B10,0.5,-4,14.934308,149343080.0,74671540.0,8.174185103823701,7.873155108159719,4.60504642965248,,,,,,,,,,,,,,,+,+,5,B10
46,,,R5,out,1+,B11,0.5,-3,34.105003,34105003.0,17052501.5,7.53281809206929,7.2317880964053085,5.130160082491299,,,,,,,,,,,,,,,+,+,5,B11
47,,,R5,out,1+,B12,0.5,-3,51.425232,51425232.0,25712616.0,7.711176259649067,7.4101462639850855,5.29642273719756,,,,,,,,,,,,,,,+,+,5,B12
48,,5.0,R5,out,CS1-,A1,0.5,-4,38.183784,381837840.0,190918920.0,8.581878964625696,8.280848968961715,,7.91808810388538,0.4308866352127432,,-0.19102403285914704,,,,,,,,,,,CS1-,CS1-,5,A1
49,,,R5,out,CS1-,A2,0.5,-4,20.385323,203853230.0,101926615.0,8.3093175971228,8.00828760145882,,,,,-0.5317096993631418,,,,,,,,,,,CS1-,CS1-,5,A2
50,,,R5,out,CS1-,A3,0.5,-4,18.500732,185007320.0,92503660.0,8.267188912039316,7.966158916375335,,,,,0.41608516141267415,,,,,,,,,,,CS1-,CS1-,5,A3
51,,,R5,out,CS1-,A4,0.5,-4,19.256802,192568020.0,96284010.0,8.284584164975811,7.983554169311829,,,,,-0.15702061805681744,,,,,,,,,,,CS1-,CS1-,5,A4
52,,,R5,out,CS1-,A5,0.5,-4,19.712893,197128930.0,98564465.0,8.294750364601008,7.993720368937026,,,,,0.4182737798003995,,,,,,,,,,,CS1-,CS1-,5,A5
53,,,R5,out,CS1-,A6,0.5,-4,11.232307,112323070.0,56161535.0,8.05046896503002,7.7494389693660395,,,,,1.760394784070698,,,,,,,,,,,CS1-,CS1-,5,A6
54,,,R5,out,CS1-,A7,0.5,-3,24.521751,24521751.0,12260875.5,7.3895514781827085,7.088521482518727,,,,,0.2369839185662297,,,,,,,,,,,CS1-,CS1-,5,A7
55,,,R5,out,CS1-,A8,0.5,-3,26.561171,26561171.0,13280585.5,7.424247217820518,7.123217222156537,,,,,-0.13115268228308974,,,,,,,,,,,CS1-,CS1-,5,A8
56,,,R5,out,CS1-,A9,0.5,-3,45.256447,45256447.0,22628223.5,7.655680455300027,7.354650459636047,,,,,0.6404958786360915,,,,,,,,,,,CS1-,CS1-,5,A9
57,,,R5,out,CS1-,A10,0.5,-3,25.041784,25041784.0,12520892.0,7.398665265183639,7.097635269519658,,,,,0.2388528826693097,,,,,,,,,,,CS1-,CS1-,5,A10
58,,,R5,out,CS1-,A11,0.5,-3,32.35215,32352150.0,16176075.0,7.50990314751196,7.208873151847979,,,,,0.24254055896452087,,,,,,,,,,,CS1-,CS1-,5,A11
59,,,R5,out,CS1-,A12,0.5,-3,70.92849,70928490.0,35464245.0,7.850820714231047,7.549790718567066,,,,,0.6952048310672412,,,,,,,,,,,CS1-,CS1-,5,A12
60,,6.0,R5,out,CS2-,A1,0.5,-3,74.059662,74059662.0,37029831.0,7.869581725646588,7.568551729982607,0.712297238979108,7.827267406495161,0.11551393517740009,,0.521273206119961,,,,,,,,,,,CS2-,CS2-,5,A1
61,,,R5,out,CS2-,A2,0.5,-3,82.155052,82155052.0,41077526.0,7.914634274871034,7.613604279207053,0.39468332225176717,,,,-0.13702637711137644,,,,,,,,,,,CS2-,CS2-,5,A2
62,,,R5,out,CS2-,A3,0.5,-3,74.975159,74975159.0,37487579.5,7.874917395441893,7.573887399777912,0.39227151659742265,,,,0.8083566780100968,,,,,,,,,,,CS2-,CS2-,5,A3
63,,,R5,out,CS2-,A4,0.5,-3,64.804062,64804062.0,32402031.0,7.811602228847387,7.510572233183406,0.47298193612842354,,,,0.315961318071607,,,,,,,,,,,CS2-,CS2-,5,A4
64,,,R5,out,CS2-,A5,0.5,-3,66.69352,66693520.00000001,33346760.000000004,7.824083639539417,7.523053643875436,0.4706667250615908,,,,0.8889405048619903,,,,,,,,,,,CS2-,CS2-,5,A5
65,,,R5,out,CS2-,A6,0.5,-3,79.827682,79827682.0,39913841.0,7.902153518608081,7.6011235229441,0.1483154464219396,,,,1.9087102304926375,,,,,,,,,,,CS2-,CS2-,5,A6
66,,,R5,out,CS2-,A7,0.5,-3,63.438091,63438091.0,31719045.5,7.802350105573102,7.501320109909121,-0.4127986273903934,,,,-0.17581470882416372,,,,,,,,,,,CS2-,CS2-,5,A7
67,,,R5,out,CS2-,A8,0.5,-3,56.085815,56085815.0,28042907.5,7.74885303512068,7.447823039456699,-0.3246058173001618,,,,-0.45575849958325154,,,,,,,,,,,CS2-,CS2-,5,A8
68,,,R5,out,CS2-,A9,0.5,-3,67.927017,67927017.0,33963508.5,7.832042543062905,7.531012547398924,-0.1763620877628771,,,,0.4641337908732135,,,,,,,,,,,CS2-,CS2-,5,A9
69,,,R5,out,CS2-,A10,0.5,-3,34.30127,34301270.0,17150635.0,7.535310200036394,7.234280204372412,-0.13664493485275475,,,,0.10220794781655496,,,,,,,,,,,CS2-,CS2-,5,A10
70,,,R5,out,CS2-,A11,0.5,-3,62.28606,62286060.0,31143030.0,7.794390859781232,7.493360864117251,-0.2844877122692715,,,,-0.04194715330475063,,,,,,,,,,,CS2-,CS2-,5,A11
71,,,R5,out,CS2-,A12,0.5,-3,104.061325,104061325.0,52030662.5,8.017289351413227,7.716259355749246,-0.16646863718217997,,,,0.5287361938850612,,,,,,,,,,,CS2-,CS2-,5,A12
72,,7.0,R5,out,CS3-,A1,0.5,-4,90.11467,901146700.0,450573350.0,8.954795496655395,8.653765500991414,-1.0852137710088066,8.225629268503882,0.6080350457000545,,-0.5639405648888456,,,,,,,,,,,CS3-,CS3-,5,A1
73,,,R5,out,CS3-,A2,0.5,-3,79.950531,79950531.0,39975265.5,7.902821352505069,7.601791356841088,0.011812922365964873,,,,-0.12521345474541157,,,,,,,,,,,CS3-,CS3-,5,A2
74,,,R5,out,CS3-,A3,0.5,-3,108.769943,108769943.0,54384971.5,8.036508900944314,7.735478905280333,-0.16159150550242085,,,,0.646765172507676,,,,,,,,,,,CS3-,CS3-,5,A3
75,,,R5,out,CS3-,A4,0.5,-3,99.464203,99464203.0,49732101.5,7.997666807009023,7.696636811345042,-0.1860645781616359,,,,0.12989673990997108,,,,,,,,,,,CS3-,CS3-,5,A4
76,,,R5,out,CS3-,A5,0.5,-3,98.36187,98361870.0,49180935.0,7.992826776705163,7.691796781041182,-0.1687431371657464,,,,0.7201973676962439,,,,,,,,,,,CS3-,CS3-,5,A5
77,,,R5,out,CS3-,A6,0.5,-3,111.306664,111306664.0,55653332.0,8.04652116659696,7.74549117093298,-0.14436764798888024,,,,1.7643425825037582,,,,,,,,,,,CS3-,CS3-,5,A6
78,,,R5,out,CS3-,A7,0.5,-3,46.078102,46078102.0,23039051.0,7.663494581788787,7.362464586124806,0.13885552378431498,,,,-0.03695918503984874,,,,,,,,,,,CS3-,CS3-,5,A7
79,,,R5,out,CS3-,A8,0.5,-3,76.14196,76141960.0,38070980.0,7.881624051966511,7.580594056302529,-0.13277101684583048,,,,-0.588529516429082,,,,,,,,,,,CS3-,CS3-,5,A8
80,,,R5,out,CS3-,A9,0.5,-3,78.560623,78560623.0,39280311.5,7.89520491882662,7.5941749231626385,-0.06316237576371453,,,,0.40097141510949896,,,,,,,,,,,CS3-,CS3-,5,A9
81,,,R5,out,CS3-,A10,0.5,-3,76.084404,76084404.0,38042202.0,7.881295642961201,7.58026564729722,-0.3459854429248077,,,,-0.24377749510825275,,,,,,,,,,,CS3-,CS3-,5,A10
82,,,R5,out,CS3-,A11,0.5,-5,58.814564,5881456400.0,2940728200.0,9.769484881886434,9.468454886222453,-1.9750940221052025,,,,-2.017041175409953,,,,,,,,,,,CS3-,CS3-,5,A11
83,,,R5,out,CS3-,A12,0.5,-4,48.451435,484514349.99999994,242257174.99999997,8.685306644201077,8.384276648537096,-0.6680172927878498,,,,-0.1392810989027886,,,,,,,,,,,CS3-,CS3-,5,A12
84,,8.0,R5,out,CS1-,B1,0.5,-4,24.445433,244454330.0,122227165.0,8.388197734291415,8.087167738627434,,7.956858662512421,0.4976235959010461,,0.24268238511142748,,,,,,,,,,,CS1-,CS1-,5,B1
85,,,R5,out,CS1-,B2,0.5,-4,19.547352,195473520.0,97736760.0,8.29108793361535,7.990057937951369,,,,,-0.08332916527250056,,,,,,,,,,,CS1-,CS1-,5,B2
86,,,R5,out,CS1-,B3,0.5,-4,23.39819,233981900.0,116990950.0,8.369182263247094,8.068152267583113,,,,,0.1857331198960317,,,,,,,,,,,CS1-,CS1-,5,B3
87,,,R5,out,CS1-,B4,0.5,-4,34.326653,343266530.0,171633265.0,8.535631459863442,8.23460146419946,,,,,-0.09776636301494435,,,,,,,,,,,CS1-,CS1-,5,B4
88,,,R5,out,CS1-,B5,0.5,-4,41.98016,419801600.0,209900800.0,8.623044089486607,8.322014093822627,,,,,0.20520139297318885,,,,,,,,,,,CS1-,CS1-,5,B5
89,,,R5,out,CS1-,B6,0.5,-4,17.873621,178736210.0,89368105.0,8.252212544728053,7.951182549064071,,,,,1.295073125740485,,,,,,,,,,,CS1-,CS1-,5,B6
90,,,R5,out,CS1-,B7,0.5,-3,25.159687,25159687.0,12579843.5,7.4007052339505615,7.09967523828658,,,,,0.41124611799636224,,,,,,,,,,,CS1-,CS1-,5,B7
91,,,R5,out,CS1-,B8,0.5,-3,25.218769,25218769.0,12609384.5,7.40172388360284,7.100693887938859,,,,,0.4234217802508118,,,,,,,,,,,CS1-,CS1-,5,B8
92,,,R5,out,CS1-,B9,0.5,-3,18.862921,18862921.0,9431460.5,7.275608945875044,6.974578950211063,,,,,0.49408157230616734,,,,,,,,,,,CS1-,CS1-,5,B9
93,,,R5,out,CS1-,B10,0.5,-3,45.203854,45203854.0,22601927.0,7.655175463563149,7.354145467899168,,,,,0.5190096402605526,,,,,,,,,,,CS1-,CS1-,5,B10
94,,,R5,out,CS1-,B11,0.5,-3,56.465149,56465149.0,28232574.5,7.751780478492562,7.450750482828581,,,,,-0.21896238642327237,,,,,,,,,,,CS1-,CS1-,5,B11
95,,,R5,out,CS1-,B12,0.5,-3,34.510712,34510712.0,17255356.0,7.537953919432933,7.236923923768952,,,,,0.17322234021613347,,,,,,,,,,,CS1-,CS1-,5,B12
96,,9.0,R5,out,CS2-,B1,0.5,-4,37.417599,374175990.0,187087995.0,8.573075916394737,8.272045920730756,,8.35114087214317,0.23870317586211728,,0.057804203008105404,,,,,,,,,,,CS2-,CS2-,5,B1
97,,,R5,out,CS2-,B2,0.5,-4,37.760925,377609250.0,188804625.0,8.577042624330359,8.276012628666377,,,,,-0.36928385598750957,,,,,,,,,,,CS2-,CS2-,5,B2
98,,,R5,out,CS2-,B3,0.5,-4,35.495609,354956090.0,177478045.0,8.550174631786994,8.249144636123013,,,,,0.004740751356131057,,,,,,,,,,,CS2-,CS2-,5,B3
99,,,R5,out,CS2-,B4,0.5,-4,19.13448,191344800.0,95672400.0,8.281816664302918,7.980786668638936,,,,,0.15604843254557998,,,,,,,,,,,CS2-,CS2-,5,B4
100,,,R5,out,CS2-,B5,0.5,-4,30.329987,303299870.0,151649935.0,8.481872224163961,8.18084222849998,,,,,0.3463732582958343,,,,,,,,,,,CS2-,CS2-,5,B5
101,,,R5,out,CS2-,B6,0.5,-4,33.869816,338698160.0,169349080.0,8.529812837317742,8.22878284165376,,,,,1.017472833150796,,,,,,,,,,,CS2-,CS2-,5,B6
102,,,R5,out,CS2-,B7,0.5,-4,15.737806,157378060.0,78689030.0,8.19694418745711,7.895914191793128,,,,,-0.3849928355101859,,,,,,,,,,,CS2-,CS2-,5,B7
103,,,R5,out,CS2-,B8,0.5,-4,16.692497,166924970.0,83462485.0,8.222521306853487,7.921491311189506,,,,,-0.39737564299983497,,,,,,,,,,,CS2-,CS2-,5,B8
104,,,R5,out,CS2-,B9,0.5,-4,23.999352,239993519.99999997,119996759.99999999,8.38019951560229,8.07916951993831,,,,,-0.6105089974210793,,,,,,,,,,,CS2-,CS2-,5,B9
105,,,R5,out,CS2-,B10,0.5,-4,5.741629,57416290.0,28708145.0,7.759035126778002,7.458005131114021,,,,,0.415149977045699,,,,,,,,,,,CS2-,CS2-,5,B10
106,,,R5,out,CS2-,B11,0.5,-4,15.430448,154304480.0,77152240.0,8.188378535337511,7.887348539673531,,,,,-0.6555604432682216,,,,,,,,,,,CS2-,CS2-,5,B11
107,,,R5,out,CS2-,B12,0.5,-4,29.704134,297041340.0,148520670.0,8.472816895392938,8.171786899728957,,,,,-0.7616406357438716,,,,,,,,,,,CS2-,CS2-,5,B12
108,,10.0,R5,out,CS3-,B1,0.5,-4,53.247971,532479710.0,266239855.0,8.72630306374848,8.425273068084499,,7.722038052280688,0.4494298644182871,,-0.09542294434563736,,,,,,,,,,,CS3-,CS3-,5,B1
109,,,R5,out,CS3-,B2,0.5,-3,61.861835,61861835.0,30930917.5,7.791422798282009,7.490392802618028,,,,,0.4163359700608398,,,,,,,,,,,CS3-,CS3-,5,B2
110,,,R5,out,CS3-,B3,0.5,-3,62.03587,62035870.0,31017935.0,7.792642877215164,7.491612881551183,,,,,0.7622725059279611,,,,,,,,,,,CS3-,CS3-,5,B3
111,,,R5,out,CS3-,B4,0.5,-3,56.278358,56278358.0,28139179.0,7.75034141779714,7.4493114221331584,,,,,0.6875236790513579,,,,,,,,,,,CS3-,CS3-,5,B4
112,,,R5,out,CS3-,B5,0.5,-3,44.08147,44081470.0,22040735.0,7.644256068653248,7.343226072989267,,,,,1.1839894138065477,,,,,,,,,,,CS3-,CS3-,5,B5
113,,,R5,out,CS3-,B6,0.5,-3,47.759933,47759933.0,23879966.5,7.679063708871926,7.378033713207945,,,,,1.8682219615966122,,,,,,,,,,,CS3-,CS3-,5,B6
114,,,R5,out,CS3-,B7,0.5,-3,16.416302,16416302.000000002,8208151.000000001,7.215275332937517,6.9142453372735355,,,,,0.5966760190094069,,,,,,,,,,,CS3-,CS3-,5,B7
115,,,R5,out,CS3-,B8,0.5,-4,27.292315,272923150.0,136461575.0,8.436040375137999,8.135010379474018,,,,,-0.610894711284347,,,,,,,,,,,CS3-,CS3-,5,B8
116,,,R5,out,CS3-,B9,0.5,-3,26.558952,26558952.0,13279476.0,7.424210934039477,7.123180938375496,,,,,0.3454795841417342,,,,,,,,,,,CS3-,CS3-,5,B9
117,,,R5,out,CS3-,B10,0.5,-3,22.27833,22278330.0,11139165.0,7.347882632688067,7.046852637024085,,,,,0.8263024711356346,,,,,,,,,,,CS3-,CS3-,5,B10
118,,,R5,out,CS3-,B11,0.5,-3,20.507036,20507036.0,10253518.0,7.311902893821968,7.010872898157987,,,,,0.22091519824732142,,,,,,,,,,,CS3-,CS3-,5,B11
119,,,R5,out,CS3-,B12,0.5,-3,35.084438,35084438.0,17542219.0,7.545114524175261,7.24408452851128,,,,,0.16606173547380543,,,,,,,,,,,CS3-,CS3-,5,B12
156,2022-10-17,1.0,R6,in,1+,A1,0.6,-7,32.828903,328289029999.99994,196973417999.99997,11.516256370727923,11.294407621111567,,11.642667357775315,0.07817717644378813,,,,,,,,,,,,,+,i,6,A1
157,,,R6,in,1+,A2,0.6,-7,47.554852,475548519999.99994,285329111999.99994,11.677194834403283,11.455346084786926,,,,,,,,,,,,,,,,+,i,6,A2
158,,,R6,in,1+,A3,0.6,-7,39.897919,398979190000.0,239387514000.0,11.600950244298632,11.379101494682276,,,,,,,,,,,,,,,,+,i,6,A3
159,,,R6,in,1+,A4,0.6,-7,45.115246,451152460000.0,270691476000.0,11.654323329788602,11.432474580172245,,,,,,,,,,,,,,,,+,i,6,A4
160,,,R6,in,1+,A5,0.6,-7,45.5513,455513000000.0,273307800000.0,11.658500775925264,11.436652026308908,,,,,,,,,,,,,,,,+,i,6,A5
161,,,R6,in,1+,A6,0.6,-7,56.076202,560762020000.0,336457212000.0,11.748778591508191,11.526929841891835,,,,,,,,,,,,,,,,+,i,6,A6
162,,,R6,out,1+,A1,0.5,-3,23.611052,23611052.0,11805526.0,7.373115337676635,7.072085342012654,4.222322279098913,7.909496749201803,0.46722331610597156,,,,,,,,,,,,,+,+,6,A1
163,,,R6,out,1+,A2,0.5,-4,28.45085,284508500.0,142254250.0,8.454095245943574,8.153065250279592,3.302280834507334,,,,,,,,,,,,,,,+,+,6,A2
164,,,R6,out,1+,A3,0.5,-3,47.129421,47129421.0,23564710.5,7.673292104345895,7.372262108681913,4.006839386000363,,,,,,,,,,,,,,,+,+,6,A3
165,,,R6,out,1+,A4,0.5,-3,52.412361,52412361.0,26206180.5,7.719433723644145,7.418403727980164,4.014070852192082,,,,,,,,,,,,,,,+,+,6,A4
166,,,R6,out,1+,A5,0.5,-3,51.71508,51715080.0,25857540.0,7.713617200847019,7.412587205183038,4.02406482112587,,,,,,,,,,,,,,,+,+,6,A5
167,,,R6,out,1+,A6,0.5,-4,33.375431,333754310.0,166877155.0,8.523426882753549,8.222396887089568,3.3045329548022675,,,,,,,,,,,,,,,+,+,6,A6
168,,2.0,R6,in,1+,A7,0.6,-7,37.364311,373643110000.0,224185866000.0,11.57245697825131,11.350608228634954,,11.65160582204152,0.44429481318282443,,,,,,,,,,,,,+,i,6,A7
169,,,R6,in,1+,A8,0.6,-8,16.033081,1603308100000.0,961984860000.0,12.205016986653964,11.983168237037608,,,,,,,,,,,,,,,,+,i,6,A8
170,,,R6,in,1+,A9,0.6,-8,11.63669,1163669000000.0,698201400000.0,12.06582946492188,11.843980715305523,,,,,,,,,,,,,,,,+,i,6,A9
171,,,R6,in,1+,A10,0.6,-7,9.701361,97013610000.0,58208166000.0,10.986832665537081,10.764983915920725,,,,,,,,,,,,,,,,+,i,6,A10
172,,,R6,in,1+,A11,0.6,-7,25.451353,254513530000.0,152708118000.0,11.405710874484772,11.183862124868416,,,,,,,,,,,,,,,,+,i,6,A11
173,,,R6,in,1+,A12,0.6,-7,47.183262,471832620000.0,283099572000.0,11.673787962400114,11.451939212783758,,,,,,,,,,,,,,,,+,i,6,A12
174,,,R6,out,1+,A7,0.5,-4,18.033587,180335870.0,90167935.0,8.256082119366136,7.9550521237021545,3.3955561049327994,7.631467447081441,0.6260903857425026,,,,,,,,,,,,,+,+,6,A7
175,,,R6,out,1+,A8,0.5,-4,13.472716,134727160.0,67363580.0,8.129455155107634,7.828425159443652,4.154743077593956,,,,,,,,,,,,,,,+,+,6,A8
176,,,R6,out,1+,A9,0.5,-4,8.662392,86623920.0,43311960.0,7.937637833005556,7.6366078373415744,4.207372877963949,,,,,,,,,,,,,,,+,+,6,A9
177,,,R6,out,1+,A10,0.5,-3,24.914728,24914728.0,12457364.0,7.396456150237002,7.095426154573021,3.669557761347704,,,,,,,,,,,,,,,+,+,6,A10
178,,,R6,out,1+,A11,0.5,-2,35.879276,3587927.5999999996,1793963.7999999998,6.5548436709278715,6.25381367526389,4.930048449604525,,,,,,,,,,,,,,,+,+,6,A11
179,,,R6,out,1+,A12,0.5,-3,32.68359,32683590.000000004,16341795.000000002,7.5143297538444465,7.213299758180465,4.238639454603293,,,,,,,,,,,,,,,+,+,6,A12
180,,3.0,R6,in,1+,B1,0.6,-7,30.279234,302792340000.0,181675404000.0,11.481144884243458,11.259296134627101,,11.771056001737852,0.32041354792936966,,,,,,,,,,,,,+,i,6,B1
181,,,R6,in,1+,B2,0.6,-8,18.519539,1851953900000.0002,1111172340000.0,12.26763017174937,12.045781422133015,,,,,,,,,,,,,,,,+,i,6,B2
182,,,R6,in,1+,B3,0.6,-8,11.895185,1189518500000.0,713711100000.0,12.07537120079568,11.853522451179321,,,,,,,,,,,,,,,,+,i,6,B3
183,,,R6,in,1+,B4,0.6,-7,36.187195,361871950000.0,217123170000.0,11.558554920681178,11.336706171064822,,,,,,,,,,,,,,,,+,i,6,B4
184,,,R6,in,1+,B5,0.6,-7,40.552132,405521320000.0,243312792000.0,11.608013691876282,11.386164942259926,,,,,,,,,,,,,,,,+,i,6,B5
185,,,R6,in,1+,B6,0.6,-7,43.213669,432136690000.0,259282014000.0,11.63562114108115,11.413772391464795,,,,,,,,,,,,,,,,+,i,6,B6
186,,,R6,out,1+,B1,0.5,-4,12.668568,126685680.0,63342840.0,8.102727526892458,7.801697531228478,3.4575986033986235,8.249878363447126,0.1698619803377034,,,,,,,,,,,,,+,+,6,B1
187,,,R6,out,1+,B2,0.5,-4,21.287434,212874340.0,106437170.0,8.328123314477164,8.027093318813183,4.018688103319832,,,,,,,,,,,,,,,+,+,6,B2
188,,,R6,out,1+,B3,0.5,-4,20.251186,202511860.0,101255930.0,8.30645046252218,8.0054204668582,3.848101984321122,,,,,,,,,,,,,,,+,+,6,B3
189,,,R6,out,1+,B4,0.5,-4,18.242086,182420860.0,91210430.0,8.261074498821882,7.960044503157902,3.3766616679069203,,,,,,,,,,,,,,,+,+,6,B4
190,,,R6,out,1+,B5,0.5,-4,10.293856,102938560.0,51469280.0,8.012578088642845,7.711548092978864,3.674616849281062,,,,,,,,,,,,,,,+,+,6,B5
191,,,R6,out,1+,B6,0.5,-4,30.783379,307833790.0,153916895.0,8.488316289326223,8.187286293662241,3.226486097802553,,,,,,,,,,,,,,,+,+,6,B6
192,,4.0,R6,in,1+,B7,0.6,-7,29.026484,290264840000.0,174158904000.0,11.46279443259789,11.240945682981534,,11.431910613820195,0.601863089339716,,,,,,,,,,,,,+,i,6,B7
193,,,R6,in,1+,B8,0.6,-7,34.300076,343000760000.0,205800456000.0,11.535295082326854,11.313446332710498,,,,,,,,,,,,,,,,+,i,6,B8
194,,,R6,in,1+,B9,0.6,-7,38.429508,384295080000.0,230577048000.0,11.5846648243745,11.362816074758143,,,,,,,,,,,,,,,,+,i,6,B9
195,,,R6,in,1+,B10,0.6,-7,18.413002,184130020000.0,110478012000.0,11.265124600331772,11.043275850715416,,,,,,,,,,,,,,,,+,i,6,B10
196,,,R6,in,1+,B11,0.6,-6,27.462488,27462488000.0,16477492800.0,10.43873988015943,10.216891130543074,,,,,,,,,,,,,,,,+,i,6,B11
197,,,R6,in,1+,B12,0.6,-8,20.176455,2017645500000.0,1210587300000.0,12.304844863130729,12.082996113514373,,,,,,,,,,,,,,,,+,i,6,B12
198,,,R6,out,1+,B7,0.5,-3,15.673955,15673955.0,7836977.5,7.195178595572152,6.894148599908171,4.346797083073364,7.351333940302413,0.6158993171124421,,,,,,,,,,,,,+,+,6,B7
199,,,R6,out,1+,B8,0.5,-3,26.91692,26916920.0,13458460.0,7.43002536374172,7.128995368077739,4.1844509646327595,,,,,,,,,,,,,,,+,+,6,B8
200,,,R6,out,1+,B9,0.5,-3,40.252232,40252232.0,20126116.0,7.604789967148803,7.303759971484822,4.0590561032733214,,,,,,,,,,,,,,,+,+,6,B9
201,,,R6,out,1+,B10,0.5,-3,31.723557,31723557.0,15861778.5,7.501381876592113,7.200351880928132,3.842923969787284,,,,,,,,,,,,,,,+,+,6,B10
202,,,R6,out,1+,B11,0.5,-2,18.167208,1816720.7999999998,908360.3999999999,6.259288188542862,5.958258192878881,4.258632937664193,,,,,,,,,,,,,,,+,+,6,B11
203,,,R6,out,1+,B12,0.5,-4,13.102062,131020620.0,65510310.0,8.117339650216831,7.8163096545528505,4.266686458961522,,,,,,,,,,,,,,,+,+,6,B12
204,,5.0,R6,out,1+,E1,0.5,-1,18.9256,189256.0,94628.0,5.27704965686741,4.97601966120343,4.318387959908137,7.107177154895248,0.7043783822839792,0.6900201051938021,,2.0960656808092244,,,,,,,,,,+,+,6,E1
205,,,R6,out,1+,E2,0.5,-3,11.462457,11462457.0,5731228.5,7.05927771947871,6.758247723814729,2.6970983609721975,,,,,1.3948175264648635,,,,,,,,,,+,+,6,E2
206,,,R6,out,1+,E3,0.5,-3,10.749732,10749732.0,5374866.0,7.031397637054229,6.730367641390248,2.648733853292028,,,,,0.6418944672916655,,,,,,,,,,+,+,6,E3
207,,,R6,out,1+,E4,0.5,-3,10.088465,10088465.0,5044232.5,7.00382509163401,6.702795095970029,2.729679484202216,,,,,0.7156086320101345,,,,,,,,,,+,+,6,E4
208,,,R6,out,1+,E5,0.5,-3,16.96294,16962940.0,8481470.0,7.229501125934923,6.9284711302709425,2.508180896037965,,,,,0.4841160749120954,,,,,,,,,,+,+,6,E5
209,,,R6,out,1+,E6,0.5,-3,16.888359,16888359.0,8444179.5,7.227587452302315,6.926557456638335,2.6003723852535003,,,,,1.2958394304512328,,,,,,,,,,+,+,6,E6
210,,,R6,out,1+,E7,0.5,-3,9.092322,9092322.0,4546161.0,6.958674807645423,6.6576448119814415,2.6929634166535124,,,,,1.297407311720713,,,,,,,,,,+,+,6,E7
211,,,R6,out,1+,E8,0.5,-3,14.444002,14444002.0,7222001.0,7.159687539889717,6.8586575442257365,3.1245106928118718,,,,,0.9697676152179158,,,,,,,,,,+,+,6,E8
212,,,R6,out,1+,E9,0.5,-3,33.14196,33141959.999999996,16570979.999999998,7.520378188815175,7.219348193151194,2.6246325221543296,,,,,0.41725964419038064,,,,,,,,,,+,+,6,E9
213,,,R6,out,1+,E10,0.5,-3,8.256367,8256366.999999999,4128183.4999999995,6.916788989337934,6.6157589936739525,2.1492249222467725,,,,,0.47966716089906836,,,,,,,,,,+,+,6,E10
214,,,R6,out,1+,E11,0.5,-3,31.722721,31722721.0,15861360.5,7.501370431628016,7.200340435964034,1.9835216889043812,,,,,-0.9465267607001442,,,,,,,,,,+,+,6,E11
215,,,R6,out,1+,E12,0.5,-4,25.152851,251528509.99999997,125764254.99999999,8.400587218155112,8.09955722249113,1.3523819902926277,,,,,-0.8862574643106651,,,,,,,,,,+,+,6,E12
216,,6.0,R6,out,1+,F1,0.5,-2,13.014642,1301464.2,650732.1,6.1144322262629345,5.813402230598953,3.445893904028148,6.189121052344778,0.3858848257141288,,,1.9882953006295248,,,,,,,,,,+,+,6,F1
217,,,R6,out,1+,F2,0.5,-2,21.408632,2140863.2,1070431.6,6.330588916998659,6.029558921334678,4.016222500798337,,,,,1.9975343974785051,,,,,,,,,,+,+,6,F2
218,,,R6,out,1+,F3,0.5,-2,24.289955,2428995.5,1214497.75,6.385426710224242,6.084396714560261,3.7691257366190607,,,,,1.9210237522979385,,,,,,,,,,+,+,6,F3
219,,,R6,out,1+,F4,0.5,-2,18.986414,1898641.4,949320.7,6.278442946460267,5.977412950796285,3.359293220268537,,,,,1.9826315523616165,,,,,,,,,,+,+,6,F4
220,,,R6,out,1+,F5,0.5,-2,22.662113,2266211.3000000003,1133105.6500000001,6.355300400737341,6.05427040507336,3.3318945371865665,,,,,1.6572776879055047,,,,,,,,,,+,+,6,F5
221,,,R6,out,1+,F6,0.5,-2,30.698696,3069869.6,1534934.8,6.487119928179723,6.186089932515742,3.2276824589490527,,,,,2.0011963611464996,,,,,,,,,,+,+,6,F6
222,,,R6,out,1+,F7,0.5,-2,10.876007,1087600.7,543800.35,6.036469478435543,5.735439482771562,3.5055062002099726,,,,,1.1587091171366088,,,,,,,,,,+,+,6,F7
223,,,R6,out,1+,F8,0.5,-2,16.071638,1607163.8,803581.9,6.206060141735899,5.905030146071918,3.40841618663858,,,,,1.2239652220058206,,,,,,,,,,+,+,6,F8
224,,,R6,out,1+,F9,0.5,-2,38.410309,3841030.9,1920515.45,6.584447800954687,6.283417805290706,3.079398269467437,,,,,1.0203421661941157,,,,,,,,,,+,+,6,F9
225,,,R6,out,1+,F10,0.5,-2,11.270363,1127036.3,563518.15,6.051937904187907,5.750907908523926,3.2923679421914898,,,,,1.4494439724042056,,,,,,,,,,+,+,6,F10
226,,,R6,out,1+,F11,0.5,-1,12.113281,121132.81000000001,60566.405000000006,5.083261791962289,4.782231796298308,3.434659334244766,,,,,1.176026396580573,,,,,,,,,,+,+,6,F11
227,,,R6,out,1+,F12,0.5,-2,22.696787,2269678.7,1134839.35,6.355964381997855,6.054934386333874,4.028061727180499,,,,,1.761375268218977,,,,,,,,,,+,+,6,F12
228,,7.0,R6,out,1+,G1,0.5,-2,10.21559,1021559.0000000001,510779.50000000006,6.009263454311081,5.7082334586471,,6.74465698959611,0.4737582517474956,,,,,,,,,,,,,+,+,6,G1
229,,,R6,out,1+,G2,0.5,-2,39.0079,3900790.0,1950395.0,6.591152570589645,6.290122574925664,,,,,,,,,,,,,,,,+,+,6,G2
230,,,R6,out,1+,G3,0.5,-2,40.943207,4094320.7,2047160.35,6.612181857082107,6.311151861418126,,,,,,,,,,,,,,,,+,+,6,G3
231,,,R6,out,1+,G4,0.5,-2,32.154957,3215495.7,1607747.85,6.507247933148293,6.206217937484312,,,,,,,,,,,,,,,,+,+,6,G4
232,,,R6,out,1+,G5,0.5,-3,21.094204,21094204.0,10547102.0,7.324163141714578,7.023133146050597,,,,,,,,,,,,,,,,+,+,6,G5
233,,,R6,out,1+,G6,0.5,-2,42.334457,4233445.7,2116722.85,6.626693993695106,6.325663998031125,,,,,,,,,,,,,,,,+,+,6,G6
234,,,R6,out,1+,G7,0.5,-2,15.352799,1535279.9,767639.95,6.186187564141528,5.885157568477546,,,,,,,,,,,,,,,,+,+,6,G7
235,,,R6,out,1+,G8,0.5,-3,7.052169,7052169.0,3526084.5,6.848322711297165,6.5472927156331835,,,,,,,,,,,,,,,,+,+,6,G8
236,,,R6,out,1+,G9,0.5,-3,13.346308,13346308.0,6673154.0,7.125361143080087,6.824331147416106,,,,,,,,,,,,,,,,+,+,6,G9
237,,,R6,out,1+,G10,0.5,-2,22.684752,2268475.2,1134237.6,6.355734035723691,6.054704040059709,,,,,,,,,,,,,,,,+,+,6,G10
238,,,R6,out,1+,G11,0.5,-3,15.50561,15505610.0,7752805.0,7.190488856314903,6.8894588606509215,,,,,,,,,,,,,,,,+,+,6,G11
239,,,R6,out,1+,G12,0.5,-3,36.231525,36231525.0,18115762.5,7.559086614055141,7.2580566183911595,,,,,,,,,,,,,,,,+,+,6,G12
240,,8.0,R6,out,CS1-,E1,0.5,-1,20.635853,206358.53,103179.265,5.314622425505001,5.01359242984102,,6.256212882228064,0.4148151819800274,,,,,,,,,,,,,CS1-,CS1-,6,E1
241,,,R6,out,CS1-,E2,0.5,-2,15.919278,1591927.8,795963.9,6.201923366936423,5.900893371272442,,,,,,,,,,,,,,,,CS1-,CS1-,6,E2
242,,,R6,out,CS1-,E3,0.5,-2,30.645119,3064511.9,1532255.95,6.486361312127777,6.185331316463795,,,,,,,,,,,,,,,,CS1-,CS1-,6,E3
243,,,R6,out,CS1-,E4,0.5,-2,26.565174,2656517.4,1328258.7,6.424312664853035,6.123282669189054,,,,,,,,,,,,,,,,CS1-,CS1-,6,E4
244,,,R6,out,CS1-,E5,0.5,-2,23.501358,2350135.8,1175067.9,6.3710929582235,6.070062962559518,,,,,,,,,,,,,,,,CS1-,CS1-,6,E5
245,,,R6,out,CS1-,E6,0.5,-2,26.421246,2642124.6,1321062.3,6.421953294662485,6.120923298998504,,,,,,,,,,,,,,,,CS1-,CS1-,6,E6
246,,,R6,out,CS1-,E7,0.5,-1,30.824852,308248.52,154124.26,5.488901000085689,5.187871004421708,,,,,,,,,,,,,,,,CS1-,CS1-,6,E7
247,,,R6,out,CS1-,E8,0.5,-2,30.847116,3084711.6,1542355.8,6.489214566624222,6.1881845709602405,,,,,,,,,,,,,,,,CS1-,CS1-,6,E8
248,,,R6,out,CS1-,E9,0.5,-2,29.028387,2902838.6999999997,1451419.3499999999,6.462822904365551,6.161792908701571,,,,,,,,,,,,,,,,CS1-,CS1-,6,E9
249,,,R6,out,CS1-,E10,0.5,-2,38.537785,3853778.5,1926889.25,6.585886749501536,6.284856753837555,,,,,,,,,,,,,,,,CS1-,CS1-,6,E10
250,,,R6,out,CS1-,E11,0.5,-2,18.930645,1893064.4999999998,946532.2499999999,6.277165411384224,5.976135415720242,,,,,,,,,,,,,,,,CS1-,CS1-,6,E11
251,,,R6,out,CS1-,E12,0.5,-2,35.505688,3550568.8,1775284.4,6.550297932467333,6.249267936803352,,,,,,,,,,,,,,,,CS1-,CS1-,6,E12
252,,9.0,R6,out,CS2-,E1,0.5,-1,12.628764,126287.64,63143.82,5.101360847447889,4.800330851783908,,6.021930351719594,0.47398228450035784,,,,,,,,,,,,,CS2-,CS2-,6,E1
253,,,R6,out,CS2-,E2,0.5,-2,14.526932,1452693.2,726346.6,6.162173903619452,5.861143907955471,,,,,,,,,,,,,,,,CS2-,CS2-,6,E2
254,,,R6,out,CS2-,E3,0.5,-2,10.381956,1038195.6000000001,519097.80000000005,6.0162791839535705,5.715249188289589,,,,,,,,,,,,,,,,CS2-,CS2-,6,E3
255,,,R6,out,CS2-,E4,0.5,-2,8.894258,889425.8,444712.9,5.949109723083593,5.648079727419612,,,,,,,,,,,,,,,,CS2-,CS2-,6,E4
256,,,R6,out,CS2-,E5,0.5,-2,11.398079,1139807.9,569903.95,6.056831662740038,5.755801667076057,,,,,,,,,,,,,,,,CS2-,CS2-,6,E5
257,,,R6,out,CS2-,E6,0.5,-2,17.553036,1755303.5999999999,877651.7999999999,6.244352243537685,5.943322247873704,,,,,,,,,,,,,,,,CS2-,CS2-,6,E6
258,,,R6,out,CS2-,E7,0.5,-1,22.67841,226784.1,113392.05,5.355612602582757,5.054582606918776,,,,,,,,,,,,,,,,CS2-,CS2-,6,E7
259,,,R6,out,CS2-,E8,0.5,-2,20.922487,2092248.7,1046124.35,6.320613306685687,6.019583311021706,,,,,,,,,,,,,,,,CS2-,CS2-,6,E8
260,,,R6,out,CS2-,E9,0.5,-2,32.850517,3285051.7,1642525.85,6.516542208857149,6.2155122131931675,,,,,,,,,,,,,,,,CS2-,CS2-,6,E9
261,,,R6,out,CS2-,E10,0.5,-1,34.057308,340573.08,170286.54,5.532210316939865,5.231180321275883,,,,,,,,,,,,,,,,CS2-,CS2-,6,E10
262,,,R6,out,CS2-,E11,0.5,-2,21.034779,2103477.9,1051738.95,6.322937953501354,6.021907957837373,,,,,,,,,,,,,,,,CS2-,CS2-,6,E11
263,,,R6,out,CS2-,E12,0.5,-2,48.432877,4843287.7,2421643.85,6.685140267686091,6.3841102720221095,,,,,,,,,,,,,,,,CS2-,CS2-,6,E12
264,,10.0,R6,out,CS3-,E1,0.5,-1,17.135136,171351.36,85675.68,5.233887555734963,4.932857560070982,,5.895369045723055,0.5710607489038485,,0.043162101132447006,,,,,,,,,,,CS3-,CS3-,6,E1
265,,,R6,out,CS3-,E2,0.5,-2,25.486782,2548678.2,1274339.1,6.406315004246511,6.10528500858253,,,,,0.6529627152321993,,,,,,,,,,,CS3-,CS3-,6,E2
266,,,R6,out,CS3-,E3,0.5,-2,24.514357,2451435.7,1225717.85,6.389420506392552,6.088390510728571,,,,,0.6419771306616768,,,,,,,,,,,CS3-,CS3-,6,E3
267,,,R6,out,CS3-,E4,0.5,-2,37.994427,3799442.7,1899721.35,6.579719899231422,6.27868990356744,,,,,0.42410519240258804,,,,,,,,,,,CS3-,CS3-,6,E4
268,,,R6,out,CS3-,E5,0.5,-2,24.844482,2484448.1999999997,1242224.0999999999,6.395229946266223,6.094199950602242,,,,,0.8342711796686997,,,,,,,,,,,CS3-,CS3-,6,E5
269,,,R6,out,CS3-,E6,0.5,-2,29.975285,2997528.5,1498764.25,6.476763320989867,6.1757333253258855,,,,,0.7508241313124486,,,,,,,,,,,CS3-,CS3-,6,E6
270,,,R6,out,CS3-,E7,0.5,-1,23.472504,234725.04,117362.52,5.370559421740726,5.069529426076745,,,,,1.5881153859046968,,,,,,,,,,,CS3-,CS3-,6,E7
271,,,R6,out,CS3-,E8,0.5,-2,22.118652,2211865.2,1105932.6,6.344758655779114,6.043728660115133,,,,,0.8149288841106026,,,,,,,,,,,CS3-,CS3-,6,E8
272,,,R6,out,CS3-,E9,0.5,-1,33.452423,334524.23000000004,167262.11500000002,5.524427579724745,5.223397584060764,,,,,1.9959506090904302,,,,,,,,,,,CS3-,CS3-,6,E9
273,,,R6,out,CS3-,E10,0.5,-1,15.804178,158041.78,79020.89,5.1987719124281915,4.89774191676421,,,,,1.7180170769097423,,,,,,,,,,,CS3-,CS3-,6,E10
274,,,R6,out,CS3-,E11,0.5,-1,20.371124,203711.24,101855.62,5.3090149923546255,5.007984996690644,,,,,2.19235543927339,,,,,,,,,,,CS3-,CS3-,6,E11
275,,,R6,out,CS3-,E12,0.5,-1,32.776287,327762.87000000005,163881.43500000003,5.515559753787733,5.214529758123752,,,,,2.8850274643673783,,,,,,,,,,,CS3-,CS3-,6,E12
276,,11.0,R6,out,CS3-,A1,0.5,-2,44.929291,4492929.1,2246464.55,6.652529565327565,6.351499569663583,,8.496695723966008,0.8064972432731684,,0.7205857723490707,,,,,,,,,,,CS3-,CS3-,6,A1
277,,,R6,out,CS3-,A2,0.5,-4,25.080616,250806160.0,125403080.0,8.399338198909696,8.098308203245715,,,,,0.054757047033877626,,,,,,,,,,,CS3-,CS3-,6,A2
278,,,R6,out,CS3-,A3,0.5,-3,67.377357,67377357.0,33688678.5,7.828513970984246,7.527483975320265,,,,,-0.15522186663835136,,,,,,,,,,,CS3-,CS3-,6,A3
279,,,R6,out,CS3-,A4,0.5,-4,14.767162,147671620.0,73835810.0,8.169297039241021,7.868267043577041,,,,,-0.4498633155968763,,,,,,,,,,,CS3-,CS3-,6,A4
280,,,R6,out,CS3-,A5,0.5,-4,18.46023,184602300.0,92301150.0,8.266237107692525,7.965207112028543,,,,,-0.5526199068455062,,,,,,,,,,,CS3-,CS3-,6,A5
281,,,R6,out,CS3-,A6,0.5,-4,20.118332,201183320.0,100591660.0,8.303591970756408,8.002561975092428,,,,,0.21983491199714145,,,,,,,,,,,CS3-,CS3-,6,A6
282,,,R6,out,CS3-,A7,0.5,-4,25.475914,254759140.0,127379570.0,8.4061297741519,8.105099778487919,,,,,-0.1500476547857641,,,,,,,,,,,CS3-,CS3-,6,A7
283,,,R6,out,CS3-,A8,0.5,-5,16.197701,1619770099.9999998,809885049.9999999,9.209453377884179,8.908423382220198,,,,,-1.0799982227765454,,,,,,,,,,,CS3-,CS3-,6,A8
284,,,R6,out,CS3-,A9,0.5,-5,23.866558,2386655800.0,1193327900.0,9.377789790209375,9.076759794545394,,,,,-1.4401519572038195,,,,,,,,,,,CS3-,CS3-,6,A9
285,,,R6,out,CS3-,A10,0.5,-4,37.927185,379271850.0,189635925.0,8.578950610054898,8.277920614390917,,,,,-1.182494459817896,,,,,,,,,,,CS3-,CS3-,6,A10
286,,,R6,out,CS3-,A11,0.5,-5,11.181313,1118131300.0,559065650.0,9.04849280490756,8.74746280924358,,,,,-2.493649133979689,,,,,,,,,,,CS3-,CS3-,6,A11
287,,,R6,out,CS3-,A12,0.5,-5,52.483704,5248370400.0,2624185200.0,9.720024477472707,9.418994481808726,,,,,-2.2056947236282607,,,,,,,,,,,CS3-,CS3-,6,A12
312,,1.0,R7,in,1+,A1,0.6,-7,59.183193,591831930000.0,355099158000.0,11.772198392133722,11.550349642517364,,12.206072447865383,0.2998160149557003,,,,,,,,,,,,,+,i,7,A1
313,,,R7,in,1+,A2,0.6,-8,30.508949,3050894900000.0,1830536940000.0,12.48442724692912,12.262578497312765,,,,,,,,,,,,,,,,+,i,7,A2
314,,,R7,in,1+,A3,0.6,-8,28.964731,2896473100000.0,1737883860000.0,12.461869499492831,12.240020749876475,,,,,,,,,,,,,,,,+,i,7,A3
315,,,R7,in,1+,A4,0.6,-8,20.037596,2003759600000.0,1202255760000.0,12.301845616069395,12.079996866453039,,,,,,,,,,,,,,,,+,i,7,A4
316,,,R7,in,1+,A5,0.6,-8,20.89576,2089576000000.0,1253745600000.0,12.320058171498012,12.098209421881656,,,,,,,,,,,,,,,,+,i,7,A5
317,,,R7,in,1+,A6,0.6,-8,7.871106,787110600000.0,472266360000.0,11.896035761069216,11.67418701145286,,,,,,,,,,,,,,,,+,i,7,A6
318,,,R7,out,1+,A1,0.5,-3,36.487034,36487034.0,18243517.0,7.562138561369941,7.2611085657059595,4.289241076811405,7.7230489191057465,0.09201860758868101,,,,,,,,,,,,,+,+,7,A1
319,,,R7,out,1+,A2,0.5,-3,47.818409,47818409.0,23909204.5,7.67959512230223,7.378565126638248,4.884013370674516,,,,,,,,,,,,,,,+,+,7,A2
320,,,R7,out,1+,A3,0.5,-3,65.508179,65508179.0,32754089.5,7.8162955270575925,7.515265531393611,4.724755218482864,,,,,,,,,,,,,,,+,+,7,A3
321,,,R7,out,1+,A4,0.5,-3,54.855564,54855564.0,27427782.0,7.739220684635337,7.438190688971356,4.641806177481683,,,,,,,,,,,,,,,+,+,7,A4
322,,,R7,out,1+,A5,0.5,-3,62.215485,62215485.0,31107742.5,7.793898491010333,7.492868495346352,4.605340926535304,,,,,,,,,,,,,,,+,+,7,A5
323,,,R7,out,1+,A6,0.5,-3,55.865685,55865685.0,27932842.5,7.747145128259044,7.446115132595063,4.228071878857797,,,,,,,,,,,,,,,+,+,7,A6
324,,2.0,R7,in,1+,A7,0.6,-8,15.135161,1513516100000.0,908109660000.0,12.17998704511682,11.958138295500463,,12.055393637978389,0.4648824489250616,,,,,,,,,,,,,+,i,7,A7
325,,,R7,in,1+,A8,0.6,-8,17.025909,1702590899999.9998,1021554539999.9998,12.231110307847409,12.009261558231053,,,,,,,,,,,,,,,,+,i,7,A8
326,,,R7,in,1+,A9,0.6,-8,12.41049,1241049000000.0,744629400000.0,12.093788928968111,11.871940179351755,,,,,,,,,,,,,,,,+,i,7,A9
327,,,R7,in,1+,A10,0.6,-7,13.986094,139860940000.0,83916564000.0,11.145696442790543,10.923847693174187,,,,,,,,,,,,,,,,+,i,7,A10
328,,,R7,in,1+,A11,0.6,-8,30.62273,3062273000000.0,1837363800000.0,12.486043905208916,12.26419515559256,,,,,,,,,,,,,,,,+,i,7,A11
329,,,R7,in,1+,A12,0.6,-8,15.694056,1569405600000.0,941643360000.0,12.195735197938536,11.97388644832218,,,,,,,,,,,,,,,,+,i,7,A12
330,,,R7,out,1+,A7,0.5,-3,15.239738,15239738.0,7619869.0,7.182977500721932,6.88194750505795,5.076190790442513,7.04190263355689,0.8168886052491062,,,,,,,,,,,,,+,+,7,A7
331,,,R7,out,1+,A8,0.5,-4,36.907761,369077610.0,184538805.0,8.567117699629708,8.266087703965727,3.7431738542653257,,,,,,,,,,,,,,,+,+,7,A8
332,,,R7,out,1+,A9,0.5,-3,9.866339,9866339.0,4933169.5,6.994156033414796,6.693126037750814,5.178814141600941,,,,,,,,,,,,,,,+,+,7,A9
333,,,R7,out,1+,A10,0.5,-2,16.945993,1694599.3,847299.65,6.2290670226738385,5.928037027009857,4.99581066616433,,,,,,,,,,,,,,,+,+,7,A10
334,,,R7,out,1+,A11,0.5,-2,47.466206,4746620.6,2373310.3,6.676384519708376,6.375354524044396,5.888840631548164,,,,,,,,,,,,,,,+,+,7,A11
335,,,R7,out,1+,A12,0.5,-2,39.968056,3996805.5999999996,1998402.7999999998,6.601713025192689,6.300683029528708,5.673203418793472,,,,,,,,,,,,,,,+,+,7,A12
336,,3.0,R7,in,1+,B1,0.6,-7,47.634224,476342240000.00006,285805344000.0,11.677919094603196,11.456070344986838,,12.160358676304483,0.28970111995150616,,,,,,,,,,,,,+,i,7,B1
337,,,R7,in,1+,B2,0.6,-8,26.788158,2678815800000.0,1607289480000.0,12.427942851796386,12.20609410218003,,,,,,,,,,,,,,,,+,i,7,B2
338,,,R7,in,1+,B3,0.6,-8,8.729209,872920900000.0001,523752540000.00006,11.940974891758364,11.719126142142006,,,,,,,,,,,,,,,,+,i,7,B3
339,,,R7,in,1+,B4,0.6,-8,18.458595,1845859500000.0,1107515700000.0,12.266198641057773,12.044349891441415,,,,,,,,,,,,,,,,+,i,7,B4
340,,,R7,in,1+,B5,0.6,-8,22.720507,2272050700000.0,1363230420000.0,12.356418018273382,12.134569268657026,,,,,,,,,,,,,,,,+,i,7,B5
341,,,R7,in,1+,B6,0.6,-8,19.61998,1961998000000.0002,1177198800000.0,12.29269856033781,12.070849810721453,,,,,,,,,,,,,,,,+,i,7,B6
342,,,R7,out,1+,B1,0.5,-3,24.503998,24503998.0,12251999.0,7.389236948351691,7.0882069526877105,4.367863392299127,7.711148337417508,0.17831248879435396,,,,,,,,,,,,,+,+,7,B1
343,,,R7,out,1+,B2,0.5,-3,42.773872,42773872.0,21386936.0,7.631178565480585,7.330148569816604,4.875945532363426,,,,,,,,,,,,,,,+,+,7,B2
344,,,R7,out,1+,B3,0.5,-3,57.816238,57816238.0,28908119.0,7.7620498294827796,7.461019833818798,4.258106308323208,,,,,,,,,,,,,,,+,+,7,B3
345,,,R7,out,1+,B4,0.5,-3,76.19323,76193230.0,38096615.0,7.881916384669518,7.580886389005537,4.463463502435879,,,,,,,,,,,,,,,+,+,7,B4
346,,,R7,out,1+,B5,0.5,-3,66.558952,66558952.00000001,33279476.000000004,7.823206475178698,7.522176479514717,4.6123927891423095,,,,,,,,,,,,,,,+,+,7,B5
347,,,R7,out,1+,B6,0.5,-3,60.159168,60159168.0,30079584.0,7.779301821341772,7.4782718256777905,4.592577985043663,,,,,,,,,,,,,,,+,+,7,B6
348,,4.0,R7,in,1+,B7,0.6,-8,27.06353,2706353000000.0,1623811800000.0,12.432384442650937,12.210535693034581,,12.145276054989955,0.347895347754167,,,,,,,,,,,,,+,i,7,B7
349,,,R7,in,1+,B8,0.6,-8,17.967087,1796708700000.0,1078025220000.0,12.254477670744176,12.032628921127818,,,,,,,,,,,,,,,,+,i,7,B8
350,,,R7,in,1+,B9,0.6,-8,18.729187,1872918700000.0,1123751220000.0,12.272518925849504,12.050670176233147,,,,,,,,,,,,,,,,+,i,7,B9
351,,,R7,in,1+,B10,0.6,-7,30.398781,303987810000.0,182392686000.0,11.482856168622309,11.261007419005951,,,,,,,,,,,,,,,,+,i,7,B10
352,,,R7,in,1+,B11,0.6,-8,23.261715,2326171500000.0,1395702900000.0,12.366641730494733,12.144792980878377,,,,,,,,,,,,,,,,+,i,7,B11
353,,,R7,in,1+,B12,0.6,-8,11.555198,1155519800000.0,693311880000.0,12.062777391578061,11.840928641961705,,,,,,,,,,,,,,,,+,i,7,B12
354,,,R7,out,1+,B7,0.5,-3,7.704035,7704035.0,3852017.5,6.886718247152867,6.585688251488886,5.624847441545695,7.335548179850282,0.9597460743460168,,,,,,,,,,,,,+,+,7,B7
355,,,R7,out,1+,B8,0.5,-5,16.747255,1674725500.0,837362750.0,9.223943633101362,8.92291363743738,3.109715283690438,,,,,,,,,,,,,,,+,+,7,B8
356,,,R7,out,1+,B9,0.5,-3,14.921339,14921339.0,7460669.5,7.173807797279979,6.872777801615998,5.17789237461715,,,,,,,,,,,,,,,+,+,7,B9
357,,,R7,out,1+,B10,0.5,-3,16.423918,16423918.0,8211959.0,7.215476768057834,6.914446772393853,4.346560646612098,,,,,,,,,,,,,,,+,+,7,B10
358,,,R7,out,1+,B11,0.5,-2,31.94323,3194323.0,1597161.5,6.504378828529209,6.2033488328652275,5.941444148013149,,,,,,,,,,,,,,,+,+,7,B11
359,,,R7,out,1+,B12,0.5,-3,10.208544,10208544.0,5104272.0,7.008963804980453,6.707933809316471,5.132994832645234,,,,,,,,,,,,,,,+,+,7,B12
360,,5.0,R7,in,1+,E1,0.6,-6,16.100967,16100967000.0,9660580200.0,10.206851959892258,9.985003210275902,,10.317770778650678,0.1322382183501288,,,,,,,,,,,,,+,i,7,E1
361,,,R7,in,1+,E2,0.6,-6,31.359278,31359278000.0,18815566800.0,10.496366055153167,10.274517305536811,,,,,,,,,,,,,,,,+,i,7,E2
362,,,R7,in,1+,E3,0.6,-6,14.401564,14401564000.0,8640938400.0,10.158409658740114,9.936560909123758,,,,,,,,,,,,,,,,+,i,7,E3
363,,,R7,in,1+,E4,0.6,-6,20.693607,20693607000.0,12416164200.0,10.31583619698105,10.093987447364693,,,,,,,,,,,,,,,,+,i,7,E4
364,,,R7,in,1+,E5,0.6,-6,27.96386,27963860000.0,16778316000.0,10.44659711918363,10.224748369567275,,,,,,,,,,,,,,,,+,i,7,E5
365,,,R7,in,1+,E6,0.6,-6,19.167421,19167421000.0,11500452600.0,10.282563681953848,10.060714932337492,,,,,,,,,,,,,,,,+,i,7,E6
366,,,R7,out,1+,E1,0.5,-2,7.164357,716435.7,358217.85,5.855177218615726,5.554147222951745,4.430855987324158,6.3821440800968405,0.2870289764569179,0.9569459482074195,,1.706961342754215,,,,,,,,,,+,+,7,E1
367,,,R7,out,1+,E2,0.5,-2,19.006067,1900606.7000000002,950303.3500000001,6.278892255902003,5.977862260238021,4.29665504529879,,,,,1.400702866400227,,,,,,,,,,+,+,7,E2
368,,,R7,out,1+,E3,0.5,-2,27.696617,2769661.7,1384830.85,6.44242672545588,6.141396729791898,3.7951641793318593,,,,,1.3738688016017129,,,,,,,,,,+,+,7,E3
369,,,R7,out,1+,E4,0.5,-2,30.700451,3070045.1,1535022.55,6.487144755456752,6.186114759792771,3.9078726875719223,,,,,1.2520759291785852,,,,,,,,,,+,+,7,E4
370,,,R7,out,1+,E5,0.5,-2,43.152161,4315216.1,2157608.05,6.635002549457378,6.333972553793397,3.8907758157738774,,,,,1.158895941552955,,,,,,,,,,+,+,7,E5
371,,,R7,out,1+,E6,0.5,-2,39.284477,3928447.7,1964223.85,6.594220975693311,6.29319098002933,3.767523952308162,,,,,1.152924152565733,,,,,,,,,,+,+,7,E6
372,,6.0,R7,in,1+,E7,0.6,-6,24.910648,24910648000.0,14946388800.0,10.396385024973839,10.17453627535748,,9.95183215741961,0.6014216651717192,,,,,,,,,,,,,+,i,7,E7
373,,,R7,in,1+,E8,0.6,-6,26.064606,26064606000.0,15638763600.0,10.416051164393705,10.19420241477735,,,,,,,,,,,,,,,,+,i,7,E8
374,,,R7,in,1+,E9,0.6,-6,18.646395,18646395000.0,11187837000.0,10.270594879954723,10.048746130338367,,,,,,,,,,,,,,,,+,i,7,E9
375,,,R7,in,1+,E10,0.6,-5,6.63976,663976000.0,398385600.0,8.82215238169341,8.600303632077054,,,,,,,,,,,,,,,,+,i,7,E10
376,,,R7,in,1+,E11,0.6,-6,9.616759,9616759000.0,5770055400.0,9.983028732581237,9.761179982964881,,,,,,,,,,,,,,,,+,i,7,E11
377,,,R7,in,1+,E12,0.6,-6,6.649374,6649374000.0,3989624400.0,9.822780760920747,9.60093201130439,,,,,,,,,,,,,,,,+,i,7,E12
378,,,R7,out,1+,E7,0.5,-1,4.495924,44959.24,22479.62,4.652818961222127,4.351788965558145,5.822747309799335,5.110842470757659,0.7590554811582073,,,2.530158539499805,,,,,,,,,,+,+,7,E7
379,,,R7,out,1+,E8,0.5,-2,12.785251,1278525.1,639262.55,6.106709258513698,5.805679262849717,4.388523151927632,,,,,2.4604084411160105,,,,,,,,,,+,+,7,E8
380,,,R7,out,1+,E9,0.5,-2,10.347508,1034750.7999999999,517375.39999999997,6.014835770840327,5.713805775176346,4.334940355162021,,,,,0.9793202625744684,,,,,,,,,,+,+,7,E9
381,,,R7,out,1+,E10,0.5,-1,5.447247,54472.47,27236.235,4.736177068371159,4.435147072707178,4.165156559369876,,,,,1.4928899543026795,,,,,,,,,,+,+,7,E10
382,,,R7,out,1+,E11,0.5,-1,7.131747,71317.47,35658.735,4.853195928102189,4.552165932438208,5.209014050526673,,,,,1.823188591606188,,,,,,,,,,+,+,7,E11
383,,,R7,out,1+,E12,0.5,-1,2.001326,20013.260000000002,10006.630000000001,4.301317837496456,4.000287841832475,5.600644169471916,,,,,2.3003951876962327,,,,,,,,,,+,+,7,E12
384,,7.0,R7,in,1+,F1,0.6,-6,13.354896,13354896000.0,8012937600.0,10.125640510343016,9.90379176072666,,10.105789181882189,0.08893951683953812,,,,,,,,,,,,,+,i,7,F1
385,,,R7,in,1+,F2,0.6,-6,15.187516,15187516000.0,9112509600.0,10.181486748470489,9.959637998854133,,,,,,,,,,,,,,,,+,i,7,F2
386,,,R7,in,1+,F3,0.6,-6,11.43795,11437950000.0,6862770000.0,10.058348193734385,9.83649944411803,,,,,,,,,,,,,,,,+,i,7,F3
387,,,R7,in,1+,F4,0.6,-6,9.190248,9190248000.0,5514148800.0,9.963327231035544,9.741478481419188,,,,,,,,,,,,,,,,+,i,7,F4
388,,,R7,in,1+,F5,0.6,-6,12.481507,12481507000.0,7488904200.0,10.096267024631022,9.874418275014666,,,,,,,,,,,,,,,,+,i,7,F5
389,,,R7,in,1+,F6,0.6,-6,16.20561,16205610000.0,9723366000.0,10.209665383078685,9.987816633462328,,,,,,,,,,,,,,,,+,i,7,F6
390,,,R7,out,1+,F1,0.5,-1,20.130033,201300.33000000002,100650.16500000001,5.303844486846238,5.0028144911822565,4.900977269544404,6.203359394011202,0.48229693251798955,,,2.085392461505454,,,,,,,,,,+,+,7,F1
391,,,R7,out,1+,F2,0.5,-2,10.414156,1041415.6,520707.8,6.017624078950557,5.716594083286576,4.243043915567557,,,,,1.6135544865300284,,,,,,,,,,+,+,7,F2
392,,,R7,out,1+,F3,0.5,-2,24.112988,2411298.8000000003,1205649.4000000001,6.3822510300169,6.081221034352919,3.7552784097651104,,,,,1.3797987994658794,,,,,,,,,,+,+,7,F3
393,,,R7,out,1+,F4,0.5,-2,25.738892,2573889.2,1286944.6,6.410589847593891,6.10955985192991,3.6319186294892782,,,,,1.471326537075627,,,,,,,,,,+,+,7,F4
394,,,R7,out,1+,F5,0.5,-2,35.172783,3517278.3000000003,1758639.1500000001,6.546206732653758,6.245176736989777,3.629241538024889,,,,,1.2769997425249402,,,,,,,,,,+,+,7,F5
395,,,R7,out,1+,F6,0.5,-2,36.277737,3627773.7,1813886.85,6.559640188005874,6.258610192341893,3.7292064411204358,,,,,1.2196616333358978,,,,,,,,,,+,+,7,F6
396,,8.0,R7,in,1+,F7,0.6,-6,18.465464,18465464000.0,11079278400.0,10.266360225071633,10.044511475455275,,9.710365058714176,1.0919305591982165,,,,,,,,,,,,,+,i,7,F7
397,,,R7,in,1+,F8,0.6,-6,13.918555,13918555000.0,8351133000.0,10.143594149922453,9.921745400306097,,,,,,,,,,,,,,,,+,i,7,F8
398,,,R7,in,1+,F9,0.6,-6,18.515285,18515285000.0,11109171000.0,10.267530401396249,10.045681651779892,,,,,,,,,,,,,,,,+,i,7,F9
399,,,R7,in,1+,F10,0.6,-3,31.037973,31037973.0,18622783.8,7.491893350999179,7.270044601382823,,,,,,,,,,,,,,,,+,i,7,F10
400,,,R7,in,1+,F11,0.6,-6,9.725174,9725174000.0,5835104400.0,9.987897380338499,9.766048630722143,,,,,,,,,,,,,,,,+,i,7,F11
401,,,R7,in,1+,F12,0.6,-6,12.732534,12732534000.0,7639520400.0,10.104914844557046,9.88306609494069,,,,,,,,,,,,,,,,+,i,7,F12
402,,,R7,out,1+,F7,0.5,-1,6.93421,69342.1,34671.05,4.840996989968226,4.539966994304245,5.50454448115103,5.104870944865007,0.9029424350748849,,,2.5,,,,,,,,,,+,+,7,F7
403,,,R7,out,1+,F8,0.5,-2,32.000271,3200027.0999999996,1600013.5499999998,6.505153656235726,6.204123660571745,3.7176217397343523,,,,,2.5,,,,,,,,,,+,+,7,F8
404,,,R7,out,1+,F9,0.5,-2,8.521376,852137.6,426068.8,5.930509728681755,5.6294797330177735,4.416201918762119,,,,,1.0,,,,,,,,,,+,+,7,F9
405,,,R7,out,1+,F10,0.5,-1,1.859254,18592.54,9296.27,4.269338724501895,3.9683087288379144,3.3017358725449086,,,,,1.5,,,,,,,,,,+,+,7,F10
406,,,R7,out,1+,F11,0.5,-1,4.652571,46525.71,23262.855,4.667693009352066,4.366663013688084,5.399385617034058,,,,,1.8,,,,,,,,,,+,+,7,F11
407,,,R7,out,1+,F12,0.5,-1,2.603356,26033.559999999998,13016.779999999999,4.415533560450366,4.114503564786385,5.768562530154305,,,,,2.3,,,,,,,,,,+,+,7,F12
408,,9.0,R7,out,1+,C1,0.5,-3,21.701418,21701418.0,10850709.0,7.336488112164443,7.035458116500462,,7.317004977916615,0.7296328116700357,,,,,,,,,,,,,+,+,7,C1
409,,,R7,out,1+,C2,0.5,-3,65.16983,65169830.00000001,32584915.000000004,7.814046588109943,7.513016592445962,,,,,,,,,,,,,,,,+,+,7,C2
410,,,R7,out,1+,C3,0.5,-3,49.571518,49571518.0,24785759.0,7.695232218258174,7.394202222594193,,,,,,,,,,,,,,,,+,+,7,C3
411,,,R7,out,1+,C4,0.5,-3,50.974674,50974674.0,25487337.0,7.707354457001353,7.406324461337372,,,,,,,,,,,,,,,,+,+,7,C4
412,,,R7,out,1+,C5,0.5,-3,50.568897,50568897.0,25284448.5,7.7038834809800285,7.402853485316047,,,,,,,,,,,,,,,,+,+,7,C5
413,,,R7,out,1+,C6,0.5,-3,53.924915,53924915.0,26962457.5,7.731789469211577,7.430759473547596,,,,,,,,,,,,,,,,+,+,7,C6
414,,,R7,out,1+,C7,0.5,-2,32.75045,3275045.0,1637522.5,6.5152172716919,6.214187276027919,,,,,,,,,,,,,,,,+,+,7,C7
415,,,R7,out,1+,C8,0.5,-4,47.81641,478164100.0,239082050.0,8.679576966683209,8.378546971019228,,,,,,,,,,,,,,,,+,+,7,C8
416,,,R7,out,1+,C9,0.5,-3,23.459793,23459793.0,11729896.5,7.37032417575247,7.069294180088489,,,,,,,,,,,,,,,,+,+,7,C9
417,,,R7,out,1+,C10,0.5,-2,40.980888,4098088.8,2049044.4,6.612581364736762,6.311551369072781,,,,,,,,,,,,,,,,+,+,7,C10
418,,,R7,out,1+,C11,0.5,-2,20.73707,2073707.0,1036853.5,6.316747393676739,6.015717398012757,,,,,,,,,,,,,,,,+,+,7,C11
419,,,R7,out,1+,C12,0.5,-2,20.932362,2093236.2000000002,1046618.1000000001,6.320818236732783,6.0197882410688015,,,,,,,,,,,,,,,,+,+,7,C12
420,,10.0,R7,out,1+,G1,0.5,-1,71.214058,712140.58,356070.29,5.8525657339342985,5.551535738270317,,5.840469929933267,1.1615716379921706,,,1.4839223782301447,,,,,,,,,,+,+,7,G1
421,,,R7,out,1+,G2,0.5,-2,37.603222,3760322.2,1880161.1,6.575225058674209,6.274195063010228,,,,,,1.238821529435734,,,,,,,,,,+,+,7,G2
422,,,R7,out,1+,G3,0.5,-2,53.471062,5347106.2,2673553.1,6.728118809799977,6.427088814135995,,,,,,0.9671134084581974,,,,,,,,,,+,+,7,G3
423,,,R7,out,1+,G4,0.5,-2,42.259918,4225991.8,2112995.9,6.625928650023865,6.324898654359884,,,,,,1.0814258069774887,,,,,,,,,,+,+,7,G4
424,,,R7,out,1+,G5,0.5,-2,51.985344,5198534.399999999,2599267.1999999997,6.715880922152616,6.414850926488635,,,,,,0.9880025588274126,,,,,,,,,,+,+,7,G5
425,,,R7,out,1+,G6,0.5,-2,55.139725,5513972.5,2756986.25,6.741464595805295,6.440434600141313,,,,,,0.9903248734062826,,,,,,,,,,+,+,7,G6
426,,,R7,out,1+,G7,0.5,-1,10.143828,101438.28,50719.14,5.006201876649232,4.705171880985251,,,,,,1.5090153950426677,,,,,,,,,,+,+,7,G7
427,,,R7,out,1+,G8,0.5,-3,27.826237,27826237.0,13913118.5,7.444454479757257,7.143424484093276,,,,,,1.2351224869259516,,,,,,,,,,+,+,7,G8
428,,,R7,out,1+,G9,0.5,-1,45.933601,459336.01,229668.005,5.6621304936026915,5.36110049793871,,,,,,1.708193682149779,,,,,,,,,,+,+,7,G9
429,,,R7,out,1+,G10,0.5,-1,0.856846,8568.46,4284.23,3.9329027736616937,3.6318727779977125,,,,,,2.6796785910750685,,,,,,,,,,+,+,7,G10
430,,,R7,out,1+,G11,0.5,-1,1.148323,11483.23,5741.615,4.060064063486387,3.759034067822406,,,,,,2.2566833301903513,,,,,,,,,,+,+,7,G11
431,,,R7,out,1+,G12,0.5,-1,5.504295,55042.95,27521.475,4.740701701651677,4.439671705987696,,,,,,1.580116535081106,,,,,,,,,,+,+,7,G12
432,,11.0,R7,out,CS3-,A1,0.5,-2,34.824135,3482413.5,1741206.75,6.54188033774805,6.240850342084069,,6.626848747780989,0.692406048039936,,-1.020258223621891,,,,,,,,,,,CS3-,CS3-,7,A1
433,,,R7,out,CS3-,A2,0.5,-2,34.908627,3490862.7,1745431.35,6.542932767804444,6.241902772140463,,,,,-1.1366623544977852,,,,,,,,,,,CS3-,CS3-,7,A2
434,,,R7,out,CS3-,A3,0.5,-2,51.432903,5143290.300000001,2571645.1500000004,6.711241037665445,6.410211042001464,,,,,-1.1050544893921472,,,,,,,,,,,CS3-,CS3-,7,A3
435,,,R7,out,CS3-,A4,0.5,-2,45.695538,4569553.8,2284776.9,6.65987379489292,6.358843799228938,,,,,-1.0793468897424177,,,,,,,,,,,CS3-,CS3-,7,A4
436,,,R7,out,CS3-,A5,0.5,-3,17.638111,17638111.0,8819055.5,7.246452071373735,6.945422075709754,,,,,-0.5474464196365982,,,,,,,,,,,CS3-,CS3-,7,A5
437,,,R7,out,CS3-,A6,0.5,-3,16.497726,16497726.0,8248863.0,7.217424086413195,6.916394090749214,,,,,-0.5297210418458489,,,,,,,,,,,CS3-,CS3-,7,A6
438,,,R7,out,CS3-,A7,0.5,-2,19.056194,1905619.4000000001,952809.7000000001,6.280036165460103,5.979006169796122,,,,,-0.9029413352618283,,,,,,,,,,,CS3-,CS3-,7,A7
439,,,R7,out,CS3-,A8,0.5,-4,13.405483,134054830.0,67027415.0,8.127282466245479,7.8262524705814975,,,,,-0.4398352333842297,,,,,,,,,,,CS3-,CS3-,7,A8
440,,,R7,out,CS3-,A9,0.5,-2,11.823768,1182376.8,591188.4,6.072755899627519,5.771725903963538,,,,,-0.9214001337872766,,,,,,,,,,,CS3-,CS3-,7,A9
441,,,R7,out,CS3-,A10,0.5,-1,20.9067,209067.0,104533.5,5.320285487389971,5.019255491725991,,,,,-0.9087815352838673,,,,,,,,,,,CS3-,CS3-,7,A10
442,,,R7,out,CS3-,A11,0.5,-2,33.506847,3350684.7,1675342.35,6.525133562573363,6.224103566909382,,,,,-0.15125095713501313,,,,,,,,,,,CS3-,CS3-,7,A11
443,,,R7,out,CS3-,A12,0.5,-2,18.918526,1891852.6,945926.3,6.276887296177629,5.975857300513648,,,,,-0.32482572901505957,,,,,,,,,,,CS3-,CS3-,7,A12
444,,12.0,R7,out,CS3-,B1,0.5,-2,34.223061,3422306.1,1711153.05,6.534318851375623,6.233288855711642,,6.883998612002398,0.5809934387030874,,-0.8549180969760677,,,,,,,,,,,CS3-,CS3-,7,B1
445,,,R7,out,CS3-,B2,0.5,-3,14.091404,14091404.0,7045702.0,7.1489542662871655,6.847924270623184,,,,,-0.4822242991934198,,,,,,,,,,,CS3-,CS3-,7,B2
446,,,R7,out,CS3-,B3,0.5,-3,9.280866,9280866.0,4640433.0,6.9675885022397495,6.666558506575768,,,,,-0.7944613272430301,,,,,,,,,,,CS3-,CS3-,7,B3
447,,,R7,out,CS3-,B4,0.5,-3,16.75773,16757729.999999998,8378864.999999999,7.22421518880247,6.9231851931384885,,,,,-0.6577011958670482,,,,,,,,,,,CS3-,CS3-,7,B4
448,,,R7,out,CS3-,B5,0.5,-3,15.822417,15822417.0,7911208.5,7.199272826164467,6.898242830500486,,,,,-0.6239336490142309,,,,,,,,,,,CS3-,CS3-,7,B5
449,,,R7,out,CS3-,B6,0.5,-3,9.069427,9069427.0,4534713.5,6.957579849507827,6.656549853843846,,,,,-0.821721971833945,,,,,,,,,,,CS3-,CS3-,7,B6
450,,,R7,out,CS3-,B7,0.5,-3,7.421801,7421801.0,3710900.5,6.870509305474831,6.56947930981085,,,,,-0.01620894167803577,,,,,,,,,,,CS3-,CS3-,7,B7
451,,,R7,out,CS3-,B8,0.5,-4,21.508083,215080830.0,107540415.0,8.332601703756934,8.031571708092953,,,,,-0.8913419293444278,,,,,,,,,,,CS3-,CS3-,7,B8
452,,,R7,out,CS3-,B9,0.5,-2,22.103642,2210364.2,1105182.1,6.344463837947018,6.0434338422830365,,,,,-0.8293439593329612,,,,,,,,,,,CS3-,CS3-,7,B9
453,,,R7,out,CS3-,B10,0.5,-2,23.622475,2362247.5,1181123.75,6.373325398041745,6.0722954023777636,,,,,-0.8421513700160892,,,,,,,,,,,CS3-,CS3-,7,B10
454,,,R7,out,CS3-,B11,0.5,-2,27.264194,2726419.4,1363209.7,6.435592663345913,6.134562667681932,,,,,-0.06878616518329572,,,,,,,,,,,CS3-,CS3-,7,B11
455,,,R7,out,CS3-,B12,0.5,-2,16.5791,1657910.0,828955.0,6.219560951085025,5.918530955421044,,,,,-0.7894028538954272,,,,,,,,,,,CS3-,CS3-,7,B12
456,,13.0,R7,out,CS3-,E1,0.5,-1,17.139338,171393.37999999998,85696.68999999999,5.233994043462366,4.932964047798385,,5.411002668224658,0.6579034495237748,0.8867600484483593,-0.6211831751533596,,,,,,,,,,,CS3-,CS3-,7,E1
457,,,R7,out,CS3-,E2,0.5,-1,57.848969,578489.69,289244.845,5.76229562324281,5.461265627578829,,,,,-0.5165966326591924,,,,,,,,,,,CS3-,CS3-,7,E2
458,,,R7,out,CS3-,E3,0.5,-2,13.480845,1348084.5,674042.25,6.129717115295412,5.8286871196314305,,,,,-0.31270961016046783,,,,,,,,,,,CS3-,CS3-,7,E3
459,,,R7,out,CS3-,E4,0.5,-2,11.234289,1123428.9000000001,561714.4500000001,6.05054559182879,5.749515596164809,,,,,-0.43659916362796203,,,,,,,,,,,CS3-,CS3-,7,E4
460,,,R7,out,CS3-,E5,0.5,-2,13.667574,1366757.4,683378.7,6.1356914339595825,5.834661438295601,,,,,-0.49931111549779583,,,,,,,,,,,CS3-,CS3-,7,E5
461,,,R7,out,CS3-,E6,0.5,-2,10.673251,1067325.1,533662.55,6.028296722733988,5.727266727070007,,,,,-0.5659242529593227,,,,,,,,,,,CS3-,CS3-,7,E6
462,,,R7,out,CS3-,E7,0.5,-1,13.741206,137412.06,68706.03,5.138024850348028,4.836994854684047,,,,,0.48520588912590146,,,,,,,,,,,CS3-,CS3-,7,E7
463,,,R7,out,CS3-,E8,0.5,-1,42.406174,424061.74,212030.87,5.627429091001492,5.326399095337511,,,,,-0.47928016751220603,,,,,,,,,,,CS3-,CS3-,7,E8
464,,,R7,out,CS3-,E9,0.5,-1,1.194543,11945.429999999998,5972.714999999999,4.077201787678698,3.776171792014717,,,,,-1.9376339831616294,,,,,,,,,,,CS3-,CS3-,7,E9
465,,,R7,out,CS3-,E10,0.5,-1,5.336172,53361.72,26680.86,4.727229819680419,4.426199824016438,,,,,-0.00894724869074004,,,,,,,,,,,CS3-,CS3-,7,E10
466,,,R7,out,CS3-,E11,0.5,-1,16.545668,165456.68,82728.34,5.2186843056667716,4.91765431000279,,,,,0.3654883775645823,,,,,,,,,,,CS3-,CS3-,7,E11
467,,,R7,out,CS3-,E12,0.5,-1,6.352163,63521.63,31760.815,4.802921633797548,4.501891638133567,,,,,0.501603796301092,,,,,,,,,,,CS3-,CS3-,7,E12
468,,14.0,R7,out,CS3-,F1,0.5,-1,33.690445,336904.44999999995,168452.22499999998,5.52750674739454,5.226476751730559,,5.286424736633273,1.0967544440911094,,0.22366226054830207,,,,,,,,,,,CS3-,CS3-,7,F1
469,,,R7,out,CS3-,F2,0.5,-1,50.693752,506937.52,253468.76,5.704954435879023,5.403924440215042,,,,,-0.31266964307153344,,,,,,,,,,,CS3-,CS3-,7,F2
470,,,R7,out,CS3-,F3,0.5,-2,11.447908,1144790.8,572395.4,6.05872613060035,5.757696134936369,,,,,-0.32352489941655005,,,,,,,,,,,CS3-,CS3-,7,F3
471,,,R7,out,CS3-,F4,0.5,-1,37.203773,372037.73,186018.865,5.570586985849341,5.26955699018536,,,,,-0.8400028617445496,,,,,,,,,,,CS3-,CS3-,7,F4
472,,,R7,out,CS3-,F5,0.5,-2,10.393198,1039319.8,519659.9,6.016749201075187,5.715719205411205,,,,,-0.5294575315785712,,,,,,,,,,,CS3-,CS3-,7,F5
473,,,R7,out,CS3-,F6,0.5,-1,32.962219,329622.19,164811.095,5.518016440495246,5.216986444831265,,,,,-1.041623747510628,,,,,,,,,,,CS3-,CS3-,7,F6
474,,,R7,out,CS3-,F7,0.5,-1,8.589397,85893.97,42946.985,4.933962676198563,4.632932680534582,,,,,0.09296568623033696,,,,,,,,,,,CS3-,CS3-,7,F7
475,,,R7,out,CS3-,F8,0.5,-2,13.882242,1388224.2,694112.1,6.142459610902571,5.84142961523859,,,,,-0.3626940453331553,,,,,,,,,,,CS3-,CS3-,7,F8
476,,,R7,out,CS3-,F9,0.5,-1,5.669646,56696.46,28348.23,4.753555943364495,4.452525947700514,,,,,-1.1769537853172594,,,,,,,,,,,CS3-,CS3-,7,F9
477,,,R7,out,CS3-,F10,0.5,-1,0.013199,131.99,65.995,2.1205410288624194,1.819511033198438,,,,,-2.148797695639476,,,,,,,,,,,CS3-,CS3-,7,F10
478,,,R7,out,CS3-,F11,0.5,-1,11.96253,119625.29999999999,59812.649999999994,5.077823039923301,4.776793044259319,,,,,0.410130030571235,,,,,,,,,,,CS3-,CS3-,7,F11
479,,,R7,out,CS3-,F12,0.5,-2,10.285244,1028524.4,514262.2,6.012214599054236,5.7111846033902545,,,,,1.5966810386038697,,,,,,,,,,,CS3-,CS3-,7,F12
