,Round,In_Out,Plate,Sample,Vol,C_Dilution,C_Count,C_pfu/mL,C_pfu/well,C_log(pfu/mL),C_log(pfu/well),C_log(change),C_log(enrichment),K_Dilution,K_Count,K_pfu/mL,K_pfu/well,K_log(pfu/mL),K_log(pfu/well),K_log(enrichment),log(carb-kan/ml),log(carb-kan/well),kind,fraction,r,plate_n,sample_full
0,R1,in,1+,input,0.2,-8.0,500.0,50000000000000.0,10000000000000.0,13.718504805698814,13.0,,,-7.0,45.0,450000000000.0,90000000000.0,11.653212513775344,10.954242509439325,,2.045757490560675,2.045757490560675,+,i,1,1,1.input
1,R1,out,1+,A2,0.2,-5.0,79.0,7900000000.0,1580000000.0,9.897627091290442,9.198657086954423,3.801342913045577,0.08471373464758614,-3.0,41.0,41000000.0,8200000.0,7.6127838567197355,6.913813852383717,,2.2848432345707064,2.2848432345707064,+,+,1,1,1.A2
2,R1,out,1+,A3,0.2,-5.0,59.0,5900000000.0,1180000000.0,9.770852011642145,9.071882007306126,3.928117992693874,-0.7205096821921284,-3.0,22.0,22000000.0,4400000.0,7.342422680822207,6.643452676486188,,2.428429330819938,2.428429330819938,+,+,1,1,1.A3
3,R1,out,1+,A4,0.2,-5.0,77.0,7700000000.0,1540000000.0,9.886490725172482,9.187520720836464,3.8124792791635365,0.22373289349090797,-3.0,52.0,52000000.0,10400000.0,7.7160033436347994,7.017033339298781,,2.170487381537683,2.170487381537683,+,+,1,1,1.A4
4,R1,out,1+,A5,0.2,-5.0,63.0,6300000000.0,1260000000.0,9.799340549453582,9.100370545117563,3.8996294548824366,0.08333720581878268,-3.0,51.0,51000000.0,10200000.0,7.707570176097937,7.008600171761918,,2.0917703733556454,2.0917703733556454,+,+,1,1,1.A5
5,R1,out,1+,A6,0.2,-5.0,57.0,5700000000.0,1140000000.0,9.755874855672491,9.056904851336473,3.9430951486635273,-0.01497715596965321,-3.0,55.0,55000000.0,11000000.0,7.740362689494244,7.041392685158225,,2.0155121661782474,2.0155121661782474,+,+,1,1,1.A6
6,R1,out,1+,A7,0.2,-5.0,67.0,6700000000.0,1340000000.0,9.826074802700827,9.127104798364808,3.872895201635192,,-3.0,51.0,51000000.0,10200000.0,7.707570176097937,7.008600171761918,,2.11850462660289,2.11850462660289,+,+,1,1,1.A7
7,R1,out,1+,A8,0.2,-5.0,85.0,8500000000.0,1700000000.0,9.929418925714293,9.230448921378274,3.769551078621726,,-3.0,66.0,66000000.0,13200000.0,7.819543935541868,7.12057393120585,,2.1098749901724245,2.1098749901724245,+,+,1,1,1.A8
8,R1,out,1+,A9,0.2,-5.0,63.0,6300000000.0,1260000000.0,9.799340549453582,9.100370545117563,3.8996294548824366,,-3.0,47.0,47000000.0,9400000.0,7.672097857935717,6.973127853599698,,2.127242691517865,2.127242691517865,+,+,1,1,1.A9
9,R1,out,1+,A10,0.2,-5.0,97.0,9700000000.0,1940000000.0,9.986771734266245,9.287801729930226,3.7121982700697735,,-3.0,62.0,62000000.0,12400000.0,7.7923916894982534,7.093421685162235,,2.1943800447679918,2.1943800447679918,+,+,1,1,1.A10
10,R1,out,1+,A11,0.2,-5.0,58.0,5800000000.0,1160000000.0,9.763427993562937,9.064457989226918,3.935542010773082,,-3.0,34.0,34000000.0,6800000.0,7.531478917042255,6.832508912706237,,2.2319490765206815,2.2319490765206815,+,+,1,1,1.A11
11,R1,out,1+,A12,0.2,-5.0,62.0,6200000000.0,1240000000.0,9.792391689498254,9.093421685162236,3.9065783148377644,,-3.0,22.0,22000000.0,4400000.0,7.342422680822207,6.643452676486188,,2.4499690086760477,2.4499690086760477,+,+,1,1,1.A12
12,R1,in,1+,input,0.2,-8.0,500.0,50000000000000.0,10000000000000.0,13.894436830775431,13.0,,,,,,,,,,,,+,i,1,1,1.input
13,R1,out,1+,C2,0.2,-5.0,57.0,5700000000.0,1140000000.0,9.755874855672491,9.056904851336473,3.9430951486635273,,,,,,,,,,,+,+,1,1,1.C2
14,R1,out,1+,C3,0.2,-5.0,37.0,3700000000.0,740000000.0,9.568201724066995,8.869231719730976,4.130768280269024,,,,,,,,,,,+,+,1,1,1.C3
15,R1,out,1+,C4,0.2,-5.0,83.0,8300000000.0,1660000000.0,9.919078092376074,9.220108088040055,3.779891911959945,,,,,,,,,,,+,+,1,1,1.C4
16,R1,out,1+,C5,0.2,-5.0,54.0,5400000000.0,1080000000.0,9.732393759822969,9.03342375548695,3.9665762445130497,,,,,,,,,,,+,+,1,1,1.C5
17,R1,out,1+,C6,0.2,-5.0,76.0,7600000000.0,1520000000.0,9.880813592280791,9.181843587944773,3.8181564120552274,,,,,,,,,,,+,+,1,1,1.C6
18,R1,out,1+,C7,0.2,-5.0,78.0,7800000000.0,1560000000.0,9.89209460269048,9.193124598354462,3.806875401645538,,,,,,,,,,,+,+,1,1,1.C7
19,R1,out,1+,C8,0.2,-5.0,54.0,5400000000.0,1080000000.0,9.732393759822969,9.03342375548695,3.9665762445130497,,,,,,,,,,,+,+,1,1,1.C8
20,R1,out,1+,C9,0.2,-5.0,67.0,6700000000.0,1340000000.0,9.826074802700827,9.127104798364808,3.872895201635192,,,,,,,,,,,+,+,1,1,1.C9
21,R1,out,1+,C10,0.2,-5.0,73.0,7300000000.0,1460000000.0,9.863322860120457,9.164352855784436,3.8356471442155637,,,,,,,,,,,+,+,1,1,1.C10
22,R1,out,1+,C11,0.2,-5.0,74.0,7400000000.0,1480000000.0,9.869231719730976,9.170261715394957,3.8297382846050425,,,,,,,,,,,+,+,1,1,1.C11
23,R1,out,1+,C12,0.2,-5.0,66.0,6600000000.0,1320000000.0,9.81954393554187,9.12057393120585,3.8794260687941495,,,,,,,,,,,+,+,1,1,1.C12
24,R1,in,1+,input,0.2,-8.0,500.0,50000000000000.0,10000000000000.0,13.63560345675984,13.0,,,,,,,,,,,,+,i,1,1,1.input
25,R1,out,1+,E2,0.2,-5.0,39.0,3900000000.0,780000000.0,9.5910646070265,8.89209460269048,4.107905397309519,0.01128101040968943,,,,,,,,,,+,+,1,1,1.E2
26,R1,out,1+,E3,0.2,-5.0,20.0,2000000000.0,400000000.0,9.301029995663981,8.602059991327963,4.3979400086720375,-0.3222192947339195,,,,,,,,,,+,+,1,1,1.E3
27,R1,out,1+,E4,0.2,-5.0,21.0,2100000000.0,420000000.0,9.32221929473392,8.6232492903979,4.376750709602099,-0.1401787031650361,,,,,,,,,,+,+,1,1,1.E4
28,R1,out,1+,E5,0.2,-5.0,21.0,2100000000.0,420000000.0,9.32221929473392,8.6232492903979,4.376750709602099,-0.19629464514396844,,,,,,,,,,+,+,1,1,1.E5
29,R1,out,1+,E6,0.2,-5.0,20.0,2000000000.0,400000000.0,9.301029995663981,8.602059991327963,4.3979400086720375,-0.36172783601759306,,,,,,,,,,+,+,1,1,1.E6
30,R1,out,1+,E7,0.2,-5.0,24.0,2400000000.0,480000000.0,9.380211241711606,8.681241237375588,4.318758762624412,,,,,,,,,,,+,+,1,1,1.E7
31,R1,out,1+,E8,0.2,-5.0,21.0,2100000000.0,420000000.0,9.32221929473392,8.6232492903979,4.376750709602099,,,,,,,,,,,+,+,1,1,1.E8
32,R1,out,1+,E9,0.2,-5.0,15.0,1500000000.0,300000000.0,9.176091259055681,8.477121254719663,4.522878745280337,,,,,,,,,,,+,+,1,1,1.E9
33,R1,out,1+,E10,0.2,-5.0,26.0,2600000000.0,520000000.0,9.414973347970818,8.7160033436348,4.2839966563652006,,,,,,,,,,,+,+,1,1,1.E10
34,R1,out,1+,E11,0.2,-5.0,30.0,3000000000.0,600000000.0,9.477121254719663,8.778151250383644,4.221848749616356,,,,,,,,,,,+,+,1,1,1.E11
35,R1,out,1+,E12,0.2,-5.0,22.0,2200000000.0,440000000.0,9.342422680822207,8.643452676486188,4.356547323513812,,,,,,,,,,,+,+,1,1,1.E12
36,R1,in,1+,input,0.2,-8.0,500.0,50000000000000.0,10000000000000.0,13.721889271645914,13.0,,,-4.0,54.0,540000000.0,108000000.0,8.732393759822969,8.03342375548695,,4.96657624451305,4.96657624451305,+,i,1,1,1.input
37,R1,out,1+,G2,0.2,-5.0,79.0,7900000000.0,1580000000.0,9.897627091290442,9.198657086954423,3.801342913045577,,-2.0,20.0,2000000.0,400000.0,6.301029995663981,5.6020599913279625,,3.5965970956264606,3.5965970956264606,+,+,1,1,1.G2
38,R1,out,1+,G3,0.2,-5.0,62.0,6200000000.0,1240000000.0,9.792391689498254,9.093421685162236,3.9065783148377644,,-2.0,17.0,1700000.0,340000.0,6.230448921378274,5.531478917042255,,3.5619427681199802,3.5619427681199802,+,+,1,1,1.G3
39,R1,out,1+,G4,0.2,-5.0,56.0,5600000000.0,1120000000.0,9.7481880270062,9.049218022670182,3.950781977329818,,-2.0,27.0,2700000.0,540000.0,6.431363764158987,5.732393759822968,,3.3168242628472138,3.3168242628472138,+,+,1,1,1.G4
40,R1,out,1+,G5,0.2,-5.0,53.0,5300000000.0,1060000000.0,9.724275869600788,9.02530586526477,3.9746941347352305,,-2.0,23.0,2300000.0,460000.0,6.361727836017593,5.662757831681574,,3.362548033583195,3.362548033583195,+,+,1,1,1.G5
41,R1,out,1+,G6,0.2,-5.0,52.0,5200000000.0,1040000000.0,9.7160033436348,9.01703333929878,3.9829666607012193,,-2.0,17.0,1700000.0,340000.0,6.230448921378274,5.531478917042255,,3.4855544222565253,3.4855544222565253,+,+,1,1,1.G6
42,R1,out,1+,G7,0.2,-5.0,71.0,7100000000.0,1420000000.0,9.851258348719075,9.152288344383056,3.847711655616944,,-2.0,34.0,3400000.0,680000.0,6.531478917042255,5.832508912706237,,3.319779431676819,3.319779431676819,+,+,1,1,1.G7
43,R1,out,1+,G8,0.2,-5.0,71.0,7100000000.0,1420000000.0,9.851258348719075,9.152288344383056,3.847711655616944,,-2.0,51.0,5100000.0,1020000.0,6.707570176097937,6.008600171761918,,3.143688172621138,3.143688172621138,+,+,1,1,1.G8
44,R1,out,1+,G9,0.2,-5.0,24.0,2400000000.0,480000000.0,9.380211241711606,8.681241237375588,4.318758762624412,,-2.0,27.0,2700000.0,540000.0,6.431363764158987,5.732393759822968,,2.9488474775526194,2.9488474775526194,+,+,1,1,1.G9
45,R1,out,1+,G10,0.2,-5.0,29.0,2900000000.0,580000000.0,9.462397997898956,8.763427993562937,4.236572006437063,,-2.0,29.0,2900000.0,580000.0,6.4623979978989565,5.763427993562937,,2.999999999999999,3.0,+,+,1,1,1.G10
46,R1,out,1+,G11,0.2,-5.0,58.0,5800000000.0,1160000000.0,9.763427993562937,9.064457989226918,3.935542010773082,,-2.0,51.0,5100000.0,1020000.0,6.707570176097937,6.008600171761918,,3.055857817465,3.055857817465,+,+,1,1,1.G11
47,R1,out,1+,G12,0.2,-5.0,82.0,8200000000.0,1640000000.0,9.913813852383717,9.214843848047698,3.785156151952302,,-2.0,63.0,6300000.0,1260000.0,6.799340549453582,6.1003705451175625,,3.1144733029301346,3.1144733029301355,+,+,1,1,1.G12
48,R1,in,2+,input,0.2,-8.0,500.0,50000000000000.0,10000000000000.0,13.536198051370997,13.0,,,-5.0,61.0,6100000000.0,1220000000.0,9.785329835010767,9.086359830674748,,3.9136401693252516,3.9136401693252516,+,i,1,2,2.input
49,R1,out,2+,A2,0.2,-5.0,79.0,7900000000.0,1580000000.0,9.897627091290442,9.198657086954423,3.801342913045577,-0.35764541381286463,-3.0,16.0,16000000.0,3200000.0,7.204119982655925,6.505149978319906,,2.693507108634517,2.693507108634517,+,+,1,2,2.A2
50,R1,out,2+,A3,0.2,-5.0,44.0,4400000000.0,880000000.0,9.643452676486188,8.94448267215017,4.055517327849831,-0.5326385825694935,-3.0,12.0,12000000.0,2400000.0,7.079181246047625,6.380211241711606,,2.5642714304385628,2.5642714304385628,+,+,1,2,2.A3
51,R1,out,2+,A4,0.2,-5.0,73.0,7300000000.0,1460000000.0,9.863322860120457,9.164352855784436,3.8356471442155637,-0.3671260612578191,-3.0,21.0,21000000.0,4200000.0,7.3222192947339195,6.623249290397901,,2.5411035653865373,2.5411035653865355,+,+,1,2,2.A4
52,R1,out,2+,A5,0.2,-5.0,54.0,5400000000.0,1080000000.0,9.732393759822969,9.03342375548695,3.9665762445130497,-0.34678748622465605,-2.0,63.0,6300000.0,1260000.0,6.799340549453582,6.1003705451175625,,2.933053210369387,2.933053210369388,+,+,1,2,2.A5
53,R1,out,2+,A6,0.2,-5.0,46.0,4600000000.0,920000000.0,9.662757831681574,8.963787827345556,4.036212172654444,-0.5676910896966998,-3.0,11.0,11000000.0,2200000.0,7.041392685158225,6.342422680822207,,2.621365146523349,2.621365146523349,+,+,1,2,2.A6
54,R1,out,2+,A7,0.2,-5.0,44.0,4400000000.0,880000000.0,9.643452676486188,8.94448267215017,4.055517327849831,,-2.0,30.0,3000000.0,600000.0,6.477121254719663,5.778151250383644,,3.1663314217665253,3.1663314217665253,+,+,1,2,2.A7
55,R1,out,2+,A8,0.2,-5.0,29.0,2900000000.0,580000000.0,9.462397997898956,8.763427993562937,4.236572006437063,,-2.0,26.0,2600000.0,520000.0,6.414973347970818,5.7160033436347994,,3.0474246499281374,3.0474246499281374,+,+,1,2,2.A8
56,R1,out,2+,A9,0.2,-5.0,59.0,5900000000.0,1180000000.0,9.770852011642145,9.071882007306126,3.928117992693874,,-3.0,25.0,25000000.0,5000000.0,7.3979400086720375,6.698970004336019,,2.372912002970107,2.372912002970107,+,+,1,2,2.A9
57,R1,out,2+,A10,0.2,-5.0,61.0,6100000000.0,1220000000.0,9.785329835010767,9.086359830674748,3.9136401693252516,,-3.0,18.0,18000000.0,3600000.0,7.2552725051033065,6.556302500767287,,2.5300573299074607,2.5300573299074616,+,+,1,2,2.A10
58,R1,out,2+,A11,0.2,-5.0,81.0,8100000000.0,1620000000.0,9.90848501887865,9.209515014542632,3.7904849854573683,,-3.0,17.0,17000000.0,3400000.0,7.230448921378274,6.531478917042255,,2.6780360975003763,2.6780360975003763,+,+,1,2,2.A11
59,R1,out,2+,A12,0.2,-5.0,80.0,8000000000.0,1600000000.0,9.903089986991944,9.204119982655925,3.795880017344075,,-3.0,11.0,11000000.0,2200000.0,7.041392685158225,6.342422680822207,,2.8616973018337184,2.8616973018337184,+,+,1,2,2.A12
60,R1,in,2+,input,0.2,-8.0,500.0,50000000000000.0,10000000000000.0,13.723865200416874,13.0,,,-5.0,61.0,6100000000.0,1220000000.0,9.785329835010767,9.086359830674748,,3.9136401693252516,3.9136401693252516,+,i,1,2,2.input
61,R1,out,2+,C2,0.2,-5.0,67.0,6700000000.0,1340000000.0,9.826074802700827,9.127104798364808,3.872895201635192,,-3.0,31.0,31000000.0,6200000.0,7.491361693834273,6.7923916894982534,,2.334713108866554,2.3347131088665547,+,+,1,2,2.C2
62,R1,out,2+,C3,0.2,-5.0,64.0,6400000000.0,1280000000.0,9.806179973983888,9.107209969647869,3.8927900303521312,,-3.0,32.0,32000000.0,6400000.0,7.505149978319906,6.8061799739838875,,2.3010299956639813,2.3010299956639813,+,+,1,2,2.C3
63,R1,out,2+,C4,0.2,-5.0,60.0,6000000000.0,1200000000.0,9.778151250383644,9.079181246047625,3.920818753952375,,-3.0,41.0,41000000.0,8200000.0,7.6127838567197355,6.913813852383717,,2.1653673936639084,2.1653673936639084,+,+,1,2,2.C4
64,R1,out,2+,C5,0.2,-5.0,59.0,5900000000.0,1180000000.0,9.770852011642145,9.071882007306126,3.928117992693874,,-3.0,51.0,51000000.0,10200000.0,7.707570176097937,7.008600171761918,,2.063281835544208,2.063281835544208,+,+,1,2,2.C5
65,R1,out,2+,C6,0.2,-5.0,43.0,4300000000.0,860000000.0,9.633468455579587,8.934498451243568,4.065501548756432,,-3.0,33.0,33000000.0,6600000.0,7.518513939877887,6.819543935541868,,2.1149545157017,2.1149545157017,+,+,1,2,2.C6
66,R1,out,2+,C7,0.2,-5.0,70.0,7000000000.0,1400000000.0,9.845098040014257,9.146128035678238,3.853871964321762,,-3.0,39.0,39000000.0,7800000.0,7.5910646070264995,6.892094602690481,,2.2540334329877574,2.2540334329877574,+,+,1,2,2.C7
67,R1,out,2+,C8,0.2,-5.0,61.0,6100000000.0,1220000000.0,9.785329835010767,9.086359830674748,3.9136401693252516,,-3.0,45.0,45000000.0,9000000.0,7.653212513775344,6.954242509439325,,2.132117321235423,2.132117321235423,+,+,1,2,2.C8
68,R1,out,2+,C9,0.2,-5.0,74.0,7400000000.0,1480000000.0,9.869231719730976,9.170261715394957,3.8297382846050425,,-3.0,63.0,63000000.0,12600000.0,7.799340549453582,7.1003705451175625,,2.069891170277394,2.069891170277395,+,+,1,2,2.C9
69,R1,out,2+,C10,0.2,-5.0,61.0,6100000000.0,1220000000.0,9.785329835010767,9.086359830674748,3.9136401693252516,,-3.0,49.0,49000000.0,9800000.0,7.690196080028514,6.991226075692495,,2.0951337549822533,2.0951337549822533,+,+,1,2,2.C10
70,R1,out,2+,C11,0.2,-5.0,73.0,7300000000.0,1460000000.0,9.863322860120457,9.164352855784436,3.8356471442155637,,-3.0,53.0,53000000.0,10600000.0,7.724275869600789,7.02530586526477,,2.1390469905196676,2.139046990519666,+,+,1,2,2.C11
71,R1,out,2+,C12,0.2,-5.0,78.0,7800000000.0,1560000000.0,9.89209460269048,9.193124598354462,3.806875401645538,,-3.0,78.0,78000000.0,15600000.0,7.892094602690481,7.193124598354461,,2.0,2.000000000000001,+,+,1,2,2.C12
72,R1,in,2+,input,0.2,-8.0,500.0,50000000000000.0,10000000000000.0,13.552913347730625,13.0,,,,,,,,,,,,+,i,1,2,2.input
73,R1,out,2+,E2,0.2,-5.0,54.0,5400000000.0,1080000000.0,9.732393759822969,9.03342375548695,3.9665762445130497,0.4771212547196626,,,,,,,,,,+,+,1,2,2.E2
74,R1,out,2+,E3,0.2,-5.0,45.0,4500000000.0,900000000.0,9.653212513775344,8.954242509439325,4.045757490560675,0.2730012720637376,,,,,,,,,,+,+,1,2,2.E3
75,R1,out,2+,E4,0.2,-5.0,49.0,4900000000.0,980000000.0,9.690196080028514,8.991226075692495,4.008773924307505,0.6488033948702885,,,,,,,,,,+,+,1,2,2.E4
76,R1,out,2+,E5,0.2,-5.0,78.0,7800000000.0,1560000000.0,9.89209460269048,9.193124598354462,3.806875401645538,0.8507019175322554,,,,,,,,,,+,+,1,2,2.E5
77,R1,out,2+,E6,0.2,-5.0,78.0,7800000000.0,1560000000.0,9.89209460269048,9.193124598354462,3.806875401645538,0.8507019175322554,,,,,,,,,,+,+,1,2,2.E6
78,R1,out,2+,E7,0.2,-6.0,57.0,57000000000.0,11400000000.0,10.755874855672491,10.056904851336473,2.9430951486635273,,,,,,,,,,,+,+,1,2,2.E7
79,R1,out,2+,E8,0.2,-5.0,40.0,4000000000.0,800000000.0,9.602059991327963,8.903089986991944,4.096910013008056,,,,,,,,,,,+,+,1,2,2.E8
80,R1,out,2+,E9,0.2,-6.0,77.0,77000000000.0,15400000000.0,10.886490725172482,10.187520720836464,2.8124792791635365,,,,,,,,,,,+,+,1,2,2.E9
81,R1,out,2+,E10,0.2,-5.0,66.0,6600000000.0,1320000000.0,9.81954393554187,9.12057393120585,3.8794260687941495,,,,,,,,,,,+,+,1,2,2.E10
82,R1,out,2+,E11,0.2,-5.0,73.0,7300000000.0,1460000000.0,9.863322860120457,9.164352855784436,3.8356471442155637,,,,,,,,,,,+,+,1,2,2.E11
83,R1,out,2+,E12,0.2,-5.0,74.0,7400000000.0,1480000000.0,9.869231719730976,9.170261715394957,3.8297382846050425,,,,,,,,,,,+,+,1,2,2.E12
84,R1,in,2+,input,0.2,-8.0,500.0,50000000000000.0,10000000000000.0,13.649955840875851,13.0,,,-6.0,50.0,50000000000.0,10000000000.0,10.698970004336019,10.0,,3.0,3.0,+,i,1,2,2.input
85,R1,out,2+,G2,0.2,-5.0,36.0,3600000000.0,720000000.0,9.556302500767288,8.857332496431269,4.142667503568731,,-3.0,34.0,34000000.0,6800000.0,7.531478917042255,6.832508912706237,,2.0248235837250323,2.0248235837250323,+,+,1,2,2.G2
86,R1,out,2+,G3,0.2,-5.0,35.0,3500000000.0,700000000.0,9.544068044350276,8.845098040014257,4.154901959985743,,-3.0,33.0,33000000.0,6600000.0,7.518513939877887,6.819543935541868,,2.0255541044723886,2.0255541044723886,+,+,1,2,2.G3
87,R1,out,2+,G4,0.2,-5.0,38.0,3800000000.0,760000000.0,9.57978359661681,8.880813592280791,4.119186407719209,,-3.0,28.0,28000000.0,5600000.0,7.447158031342219,6.748188027006201,,2.1326255652745907,2.1326255652745907,+,+,1,2,2.G4
88,R1,out,2+,G5,0.2,-5.0,46.0,4600000000.0,920000000.0,9.662757831681574,8.963787827345556,4.036212172654444,,-3.0,45.0,45000000.0,9000000.0,7.653212513775344,6.954242509439325,,2.0095453179062304,2.0095453179062304,+,+,1,2,2.G5
89,R1,out,2+,G6,0.2,-5.0,44.0,4400000000.0,880000000.0,9.643452676486188,8.94448267215017,4.055517327849831,,-3.0,42.0,42000000.0,8400000.0,7.623249290397901,6.924279286061882,,2.020203386088287,2.020203386088287,+,+,1,2,2.G6
90,R1,out,2+,G7,0.2,-5.0,53.0,5300000000.0,1060000000.0,9.724275869600788,9.02530586526477,3.9746941347352305,,-3.0,47.0,47000000.0,9400000.0,7.672097857935717,6.973127853599698,,2.052178011665071,2.052178011665071,+,+,1,2,2.G7
91,R1,out,2+,G8,0.2,-5.0,37.0,3700000000.0,740000000.0,9.568201724066995,8.869231719730976,4.130768280269024,,-3.0,35.0,35000000.0,7000000.0,7.544068044350276,6.845098040014257,,2.0241336797167193,2.0241336797167193,+,+,1,2,2.G8
92,R1,out,2+,G9,0.2,-6.0,36.0,36000000000.0,7200000000.0,10.556302500767288,9.857332496431269,3.142667503568731,,-4.0,30.0,300000000.0,60000000.0,8.477121254719663,7.778151250383644,,2.079181246047625,2.079181246047625,+,+,1,2,2.G9
93,R1,out,2+,G10,0.2,-5.0,50.0,5000000000.0,1000000000.0,9.698970004336019,9.0,4.0,,-3.0,60.0,60000000.0,12000000.0,7.778151250383644,7.079181246047625,,1.920818753952375,1.920818753952375,+,+,1,2,2.G10
94,R1,out,2+,G11,0.2,-5.0,67.0,6700000000.0,1340000000.0,9.826074802700827,9.127104798364808,3.872895201635192,,-3.0,68.0,68000000.0,13600000.0,7.832508912706237,7.133538908370218,,1.9935658899945903,1.9935658899945903,+,+,1,2,2.G11
95,R1,out,2+,G12,0.2,-5.0,78.0,7800000000.0,1560000000.0,9.89209460269048,9.193124598354462,3.806875401645538,,-3.0,61.0,61000000.0,12200000.0,7.785329835010767,7.086359830674748,,2.1067647676797137,2.1067647676797137,+,+,1,2,2.G12
96,R1,in,2+,input,0.2,-8.0,500.0,50000000000000.0,10000000000000.0,13.5681843887753,13.0,,,-5.0,47.0,4700000000.0,940000000.0,9.672097857935718,8.9731278535997,,4.026872146400301,4.026872146400301,+,i,1,2,2.input
108,R1,in,1+,input,0.2,-8.0,500.0,50000000000000.0,10000000000000.0,13.81596525724231,13.0,,,-7.0,18.0,180000000000.0,36000000000.0,11.255272505103306,10.556302500767288,,2.4436974992327123,2.4436974992327123,+,i,1,1,1.input
156,R2,in,1+,A1,0.2,-8.0,55.0,5500000000000.0,1100000000000.0,12.740362689494244,12.041392685158225,,,,,,,,,,,,+,i,2,1,1.A1
157,R2,in,1+,A2,0.2,-8.0,71.0,7100000000000.0,1420000000000.0,12.851258348719075,12.152288344383056,,,,,,,,,,,,+,i,2,1,1.A2
158,R2,in,1+,A3,0.2,-8.0,22.0,2200000000000.0,440000000000.0,12.342422680822207,11.643452676486188,,,,,,,,,,,,+,i,2,1,1.A3
159,R2,in,1+,A4,0.2,-8.0,41.0,4100000000000.0,820000000000.0,12.612783856719735,11.913813852383717,,,,,,,,,,,,+,i,2,1,1.A4
160,R2,in,1+,A5,0.2,-8.0,63.0,6300000000000.0,1260000000000.0,12.799340549453582,12.100370545117563,,,,,,,,,,,,+,i,2,1,1.A5
161,R2,in,1+,A6,0.2,-8.0,82.0,8200000000000.0,1640000000000.0,12.913813852383717,12.214843848047698,,,,,,,,,,,,+,i,2,1,1.A6
162,R2,out,1+,A1,0.2,-3.0,42.0,42000000.0,8400000.0,7.623249290397901,6.924279286061882,5.117113399096343,0.13188759656362858,,,,,,,,,,+,+,2,1,1.A1
163,R2,out,1+,A2,0.2,-3.0,62.0,62000000.0,12400000.0,7.7923916894982534,7.093421685162235,5.058866659220821,0.4913616938342722,,,,,,,,,,+,+,2,1,1.A2
164,R2,out,1+,A3,0.2,-3.0,46.0,46000000.0,9200000.0,7.662757831681574,6.963787827345556,4.679664849140632,0.36172783601759306,,,,,,,,,,+,+,2,1,1.A3
165,R2,out,1+,A4,0.2,-4.0,37.0,370000000.0,74000000.0,8.568201724066995,7.869231719730976,4.0445821326527405,1.568201724066995,,,,,,,,,,+,+,2,1,1.A4
166,R2,out,1+,A5,0.2,-3.0,60.0,60000000.0,12000000.0,7.778151250383644,7.079181246047625,5.021189299069938,0.36317790241282566,,,,,,,,,,+,+,2,1,1.A5
167,R2,out,1+,A6,0.2,-4.0,40.0,400000000.0,80000000.0,8.602059991327963,7.903089986991944,4.311753861055754,1.0705810742857071,,,,,,,,,,+,+,2,1,1.A6
168,R2,in,1+,C1,0.2,-8.0,65.0,6500000000000.0,1300000000000.0,12.812913356642856,12.113943352306837,,,,,,,,,,,,+,i,2,1,1.C1
169,R2,in,1+,C2,0.2,-8.0,74.0,7400000000000.0,1480000000000.0,12.869231719730976,12.170261715394957,,,,,,,,,,,,+,i,2,1,1.C2
170,R2,in,1+,C3,0.2,-8.0,60.0,6000000000000.0,1200000000000.0,12.778151250383644,12.079181246047625,,,,,,,,,,,,+,i,2,1,1.C3
171,R2,in,1+,C4,0.2,-8.0,37.0,3700000000000.0,740000000000.0,12.568201724066995,11.869231719730976,,,,,,,,,,,,+,i,2,1,1.C4
172,R2,in,1+,C5,0.2,-8.0,46.0,4600000000000.0,920000000000.0,12.662757831681574,11.963787827345556,,,,,,,,,,,,+,i,2,1,1.C5
173,R2,in,1+,C6,0.2,-8.0,42.0,4200000000000.0,840000000000.0,12.6232492903979,11.924279286061882,,,,,,,,,,,,+,i,2,1,1.C6
174,R2,out,1+,C1,0.2,-4.0,25.0,250000000.0,50000000.0,8.397940008672037,7.698970004336019,4.414973347970818,1.3565473235138121,,,,,,,,,,+,+,2,1,1.C1
175,R2,out,1+,C2,0.2,-4.0,40.0,400000000.0,80000000.0,8.602059991327963,7.903089986991944,4.267171728403014,1.2403321553103694,,,,,,,,,,+,+,2,1,1.C2
176,R2,out,1+,C3,0.2,-5.0,75.0,7500000000.0,1500000000.0,9.8750612633917,9.176091259055681,2.9030899869919438,2.513333427374107,,,,,,,,,,+,+,2,1,1.C3
177,R2,out,1+,C4,0.2,-4.0,97.0,970000000.0,194000000.0,8.986771734266245,8.287801729930226,3.58142998980075,2.03252922482692,,,,,,,,,,+,+,2,1,1.C4
178,R2,out,1+,C5,0.2,-4.0,75.0,750000000.0,150000000.0,8.8750612633917,8.176091259055681,3.787696568289874,1.513333427374107,,,,,,,,,,+,+,2,1,1.C5
179,R2,out,1+,C6,0.2,-4.0,73.0,730000000.0,146000000.0,8.863322860120457,8.164352855784436,3.7599264302774458,1.749379507813618,,,,,,,,,,+,+,2,1,1.C6
180,R2,in,1+,E1,0.2,-8.0,59.0,5900000000000.0,1180000000000.0,12.770852011642145,12.071882007306126,,,,,,,,,,,,+,i,2,1,1.E1
181,R2,in,1+,E2,0.2,-7.0,94.0,940000000000.0,188000000000.0,11.9731278535997,11.27415784926368,,,,,,,,,,,,+,i,2,1,1.E2
182,R2,in,1+,E3,0.2,-8.0,50.0,5000000000000.0,1000000000000.0,12.698970004336019,12.0,,,,,,,,,,,,+,i,2,1,1.E3
183,R2,in,1+,E4,0.2,-8.0,67.0,6700000000000.0,1340000000000.0,12.826074802700827,12.127104798364808,,,,,,,,,,,,+,i,2,1,1.E4
184,R2,in,1+,E5,0.2,-8.0,500.0,50000000000000.0,10000000000000.0,13.698970004336019,13.0,,,,,,,,,,,,+,i,2,1,1.E5
185,R2,in,1+,E6,0.2,-8.0,500.0,50000000000000.0,10000000000000.0,13.698970004336019,13.0,,,,,,,,,,,,+,i,2,1,1.E6
186,R2,out,1+,E1,0.2,-3.0,50.0,50000000.0,10000000.0,7.698970004336019,7.0,5.071882007306126,-0.02530586526477041,,,,,,,,,,+,+,2,1,1.E1
187,R2,out,1+,E2,0.2,-3.0,66.0,66000000.0,13200000.0,7.819543935541868,7.12057393120585,4.153583918057831,0.09526806594107917,,,,,,,,,,+,+,2,1,1.E2
188,R2,out,1+,E3,0.2,-3.0,76.0,76000000.0,15200000.0,7.880813592280791,7.181843587944773,4.818156412055227,0.011581872549815131,,,,,,,,,,+,+,2,1,1.E3
189,R2,out,1+,E4,0.2,-3.0,82.0,82000000.0,16400000.0,7.913813852383717,7.214843848047698,4.91226095031711,0.29056456198581593,,,,,,,,,,+,+,2,1,1.E4
190,R2,out,1+,E5,0.2,-3.0,82.0,82000000.0,16400000.0,7.913813852383717,7.214843848047698,5.785156151952302,0.5336026106721103,,,,,,,,,,+,+,2,1,1.E5
191,R2,out,1+,E6,0.2,-3.0,89.0,89000000.0,17800000.0,7.949390006644912,7.250420002308894,5.749579997691106,0.1569983171466589,,,,,,,,,,+,+,2,1,1.E6
192,R2,in,1+,G1,0.2,-8.0,38.0,3800000000000.0,760000000000.0,12.57978359661681,11.880813592280791,,,,,,,,,,,,+,i,2,1,1.G1
193,R2,in,1+,G2,0.2,-8.0,58.0,5800000000000.0,1160000000000.0,12.763427993562937,12.064457989226918,,,,,,,,,,,,+,i,2,1,1.G2
194,R2,in,1+,G3,0.2,-8.0,67.0,6700000000000.0,1340000000000.0,12.826074802700827,12.127104798364808,,,,,,,,,,,,+,i,2,1,1.G3
195,R2,in,1+,G4,0.2,-8.0,45.0,4500000000000.0,900000000000.0,12.653212513775344,11.954242509439325,,,,,,,,,,,,+,i,2,1,1.G4
196,R2,in,1+,G5,0.2,-8.0,80.0,8000000000000.0,1600000000000.0,12.903089986991944,12.204119982655925,,,,,,,,,,,,+,i,2,1,1.G5
197,R2,in,1+,G6,0.2,-8.0,89.0,8900000000000.0,1780000000000.0,12.949390006644913,12.250420002308894,,,,,,,,,,,,+,i,2,1,1.G6
198,R2,out,1+,G1,0.2,-2.0,67.0,6700000.0,1340000.0,6.826074802700826,6.127104798364807,5.753708793915984,-0.5541364390107804,,,,,,,,,,+,+,2,1,1.G1
199,R2,out,1+,G2,0.2,-2.0,78.0,7800000.0,1560000.0,6.892094602690481,6.193124598354461,5.871333390872457,-0.5850266520291827,,,,,,,,,,+,+,2,1,1.G2
200,R2,out,1+,G3,0.2,-3.0,61.0,61000000.0,12200000.0,7.785329835010767,7.086359830674748,5.04074496769006,-0.20144189925547806,,,,,,,,,,+,+,2,1,1.G3
201,R2,out,1+,G4,0.2,-3.0,59.0,59000000.0,11800000.0,7.770852011642144,7.071882007306125,4.8823605021332,0.0987541537064267,,,,,,,,,,+,+,2,1,1.G4
202,R2,out,1+,G5,0.2,-2.0,90.0,9000000.0,1800000.0,6.954242509439325,6.2552725051033065,5.948847477552619,-1.1026623418971475,,,,,,,,,,+,+,2,1,1.G5
203,R2,out,1+,G6,0.2,-2.0,119.0,11900000.0,2380000.0,7.075546961392531,6.376576957056512,5.873843045252382,-0.5776655523828129,,,,,,,,,,+,+,2,1,1.G6
204,R2,in,2+,A1,0.2,-7.0,24.0,240000000000.0,48000000000.0,11.380211241711606,10.681241237375588,,,,,,,,,,,,+,i,2,2,2.A1
205,R2,in,2+,A2,0.2,-7.0,28.0,280000000000.0,56000000000.0,11.44715803134222,10.7481880270062,,,,,,,,,,,,+,i,2,2,2.A2
206,R2,in,2+,A3,0.2,-7.0,38.0,380000000000.0,76000000000.0,11.57978359661681,10.880813592280791,,,,,,,,,,,,+,i,2,2,2.A3
207,R2,in,2+,A4,0.2,-7.0,56.0,560000000000.0,112000000000.0,11.7481880270062,11.049218022670182,,,,,,,,,,,,+,i,2,2,2.A4
208,R2,in,2+,A5,0.2,-7.0,67.0,670000000000.0,134000000000.0,11.826074802700827,11.127104798364808,,,,,,,,,,,,+,i,2,2,2.A5
209,R2,in,2+,A6,0.2,-7.0,40.0,400000000000.0,80000000000.0,11.602059991327963,10.903089986991944,,,,,,,,,,,,+,i,2,2,2.A6
210,R2,out,2+,A1,0.2,-2.0,61.0,6100000.0,1220000.0,6.785329835010767,6.086359830674748,4.594881406700839,-0.9222403410871696,,,,,,,,,,+,+,2,2,2.A1
211,R2,out,2+,A2,0.2,-2.0,60.0,6000000.0,1200000.0,6.778151250383644,6.079181246047625,4.669006780958576,-0.8750612633917001,,,,,,,,,,+,+,2,2,2.A2
212,R2,out,2+,A3,0.2,-2.0,58.0,5800000.0,1160000.0,6.763427993562937,6.064457989226918,4.816355603053873,-1.0289636959353166,,,,,,,,,,+,+,2,2,2.A3
213,R2,out,2+,A4,0.2,-2.0,33.0,3300000.0,660000.0,6.518513939877887,5.819543935541868,5.229674087128314,-1.3265841001363698,,,,,,,,,,+,+,2,2,2.A4
214,R2,out,2+,A5,0.2,-2.0,61.0,6100000.0,1220000.0,6.785329835010767,6.086359830674748,5.04074496769006,-0.9855221766313766,,,,,,,,,,+,+,2,2,2.A5
215,R2,out,2+,A6,0.2,-2.0,92.0,9200000.0,1840000.0,6.963787827345556,6.264817823009537,4.638272163982407,-0.9338392639448854,,,,,,,,,,+,+,2,2,2.A6
216,R2,in,2+,C1,0.2,-8.0,60.0,6000000000000.0,1200000000000.0,12.778151250383644,12.079181246047625,,,,,,,,,,,,+,i,2,2,2.C1
217,R2,in,2+,C2,0.2,-8.0,68.0,6800000000000.0,1360000000000.0,12.832508912706237,12.133538908370218,,,,,,,,,,,,+,i,2,2,2.C2
218,R2,in,2+,C3,0.2,-8.0,60.0,6000000000000.0,1200000000000.0,12.778151250383644,12.079181246047625,,,,,,,,,,,,+,i,2,2,2.C3
219,R2,in,2+,C4,0.2,-8.0,57.0,5700000000000.0,1140000000000.0,12.755874855672491,12.056904851336473,,,,,,,,,,,,+,i,2,2,2.C4
220,R2,in,2+,C5,0.2,-8.0,83.0,8300000000000.0,1660000000000.0,12.919078092376074,12.220108088040055,,,,,,,,,,,,+,i,2,2,2.C5
221,R2,in,2+,C6,0.2,-8.0,76.0,7600000000000.0,1520000000000.0,12.880813592280791,12.181843587944773,,,,,,,,,,,,+,i,2,2,2.C6
222,R2,out,2+,C1,0.2,-3.0,27.0,27000000.0,5400000.0,7.431363764158987,6.732393759822968,5.346787486224657,-0.15970084286751263,,,,,,,,,,+,+,2,2,2.C1
223,R2,out,2+,C2,0.2,-3.0,30.0,30000000.0,6000000.0,7.477121254719663,6.778151250383644,5.355387657986574,-0.36172783601759306,,,,,,,,,,+,+,2,2,2.C2
224,R2,out,2+,C3,0.2,-3.0,15.0,15000000.0,3000000.0,7.176091259055681,6.477121254719663,5.6020599913279625,-0.40369233756112877,,,,,,,,,,+,+,2,2,2.C3
225,R2,out,2+,C4,0.2,-3.0,29.0,29000000.0,5800000.0,7.4623979978989565,6.763427993562937,5.293476857773536,-0.45141585448476107,,,,,,,,,,+,+,2,2,2.C4
226,R2,out,2+,C5,0.2,-3.0,28.0,28000000.0,5600000.0,7.447158031342219,6.748188027006201,5.471920061033854,-0.5351132016973486,,,,,,,,,,+,+,2,2,2.C5
227,R2,out,2+,C6,0.2,-3.0,28.0,28000000.0,5600000.0,7.447158031342219,6.748188027006201,5.433655560938572,-0.4666558210414973,,,,,,,,,,+,+,2,2,2.C6
228,R2,in,2+,E1,0.2,-8.0,74.0,7400000000000.0,1480000000000.0,12.869231719730976,12.170261715394957,,,,,,,,,,,,+,i,2,2,2.E1
229,R2,in,2+,E2,0.2,-8.0,81.0,8100000000000.0,1620000000000.0,12.90848501887865,12.209515014542632,,,,,,,,,,,,+,i,2,2,2.E2
230,R2,in,2+,E3,0.2,-8.0,40.0,4000000000000.0,800000000000.0,12.602059991327963,11.903089986991944,,,,,,,,,,,,+,i,2,2,2.E3
231,R2,in,2+,E4,0.2,-8.0,76.0,7600000000000.0,1520000000000.0,12.880813592280791,12.181843587944773,,,,,,,,,,,,+,i,2,2,2.E4
232,R2,in,2+,E5,0.2,-8.0,78.0,7800000000000.0,1560000000000.0,12.89209460269048,12.193124598354462,,,,,,,,,,,,+,i,2,2,2.E5
233,R2,in,2+,E6,0.2,-8.0,75.0,7500000000000.0,1500000000000.0,12.8750612633917,12.176091259055681,,,,,,,,,,,,+,i,2,2,2.E6
234,R2,out,2+,E1,0.2,-3.0,17.0,17000000.0,3400000.0,7.230448921378274,6.531478917042255,5.638782798352702,-0.4771212547196626,,,,,,,,,,+,+,2,2,2.E1
235,R2,out,2+,E2,0.2,-3.0,22.0,22000000.0,4400000.0,7.342422680822207,6.643452676486188,5.566062338056444,-0.40576534618399407,,,,,,,,,,+,+,2,2,2.E2
236,R2,out,2+,E3,0.2,-3.0,51.0,51000000.0,10200000.0,7.707570176097937,7.008600171761918,4.894489815230026,-0.20624367628578,,,,,,,,,,+,+,2,2,2.E3
237,R2,out,2+,E4,0.2,-3.0,27.0,27000000.0,5400000.0,7.431363764158987,6.732393759822968,5.4494498281218045,-0.41373427585527,,,,,,,,,,+,+,2,2,2.E4
238,R2,out,2+,E5,0.2,-3.0,26.0,26000000.0,5200000.0,7.414973347970818,6.7160033436347994,5.477121254719663,-0.5488144793747374,,,,,,,,,,+,+,2,2,2.E5
239,R2,out,2+,E6,0.2,-3.0,32.0,32000000.0,6400000.0,7.505149978319906,6.8061799739838875,5.369911285071794,-0.20242019777803044,,,,,,,,,,+,+,2,2,2.E6
240,R2,in,2+,G1,0.2,-8.0,28.0,2800000000000.0,560000000000.0,12.44715803134222,11.7481880270062,,,,,,,,,,,,+,i,2,2,2.G1
241,R2,in,2+,G2,0.2,-8.0,200.0,20000000000000.0,4000000000000.0,13.301029995663981,12.602059991327963,,,,,,,,,,,,+,i,2,2,2.G2
242,R2,in,2+,G3,0.2,-8.0,71.0,7100000000000.0,1420000000000.0,12.851258348719075,12.152288344383056,,,,,,,,,,,,+,i,2,2,2.G3
243,R2,in,2+,G4,0.2,-8.0,19.0,1900000000000.0,380000000000.0,12.278753600952829,11.57978359661681,,,,,,,,,,,,+,i,2,2,2.G4
244,R2,in,2+,G5,0.2,-8.0,20.0,2000000000000.0,400000000000.0,12.301029995663981,11.602059991327963,,,,,,,,,,,,+,i,2,2,2.G5
245,R2,in,2+,G6,0.2,-8.0,82.0,8200000000000.0,1640000000000.0,12.913813852383717,12.214843848047698,,,,,,,,,,,,+,i,2,2,2.G6
246,R2,out,2+,G1,0.2,-4.0,15.0,150000000.0,30000000.0,8.176091259055681,7.477121254719663,4.271066772286538,0.356547323513813,,,,,,,,,,+,+,2,2,2.G1
247,R2,out,2+,G2,0.2,-4.0,58.0,580000000.0,116000000.0,8.763427993562937,8.064457989226918,4.537602002101044,0.900105133442481,,,,,,,,,,+,+,2,2,2.G2
248,R2,out,2+,G3,0.2,-4.0,34.0,340000000.0,68000000.0,8.531478917042255,7.832508912706237,4.319779431676819,0.6283889300503116,,,,,,,,,,+,+,2,2,2.G3
249,R2,out,2+,G4,0.2,-4.0,53.0,530000000.0,106000000.0,8.724275869600788,8.02530586526477,3.5544777313520406,0.7748858629558759,,,,,,,,,,+,+,2,2,2.G4
250,R2,out,2+,G5,0.2,-4.0,55.0,550000000.0,110000000.0,8.740362689494244,8.041392685158225,3.560667306169737,0.7813212971731502,,,,,,,,,,+,+,2,2,2.G5
251,R2,out,2+,G6,0.2,-5.0,50.0,5000000000.0,1000000000.0,9.698970004336019,9.0,3.214843848047698,1.6020599913279625,,,,,,,,,,+,+,2,2,2.G6
288,R3,in,1+,A1,0.2,-7.0,76.0,760000000000.0,152000000000.0,11.880813592280791,11.181843587944773,,,,,,,,,,,,+,i,3,1,1.A1
289,R3,in,1+,A2,0.2,-7.0,107.0,1070000000000.0,214000000000.0,12.02938377768521,11.330413773349191,,,,,,,,,,,,+,i,3,1,1.A2
290,R3,in,1+,A3,0.2,-7.0,61.0,610000000000.0,122000000000.0,11.785329835010767,11.086359830674748,,,,,,,,,,,,+,i,3,1,1.A3
291,R3,in,1+,A4,0.2,-7.0,44.0,440000000000.0,88000000000.0,11.643452676486188,10.94448267215017,,,,,,,,,,,,+,i,3,1,1.A4
292,R3,in,1+,A5,0.2,-7.0,61.0,610000000000.0,122000000000.0,11.785329835010767,11.086359830674748,,,,,,,,,,,,+,i,3,1,1.A5
293,R3,in,1+,A6,0.2,-7.0,53.0,530000000000.0,106000000000.0,11.724275869600788,11.02530586526477,,,,,,,,,,,,+,i,3,1,1.A6
294,R3,out,1+,A1,0.2,-3.0,49.0,49000000.0,9800000.0,7.690196080028514,6.991226075692495,4.1906175122522775,0.65276958208789,,,,,,,,,,+,+,3,1,1.A1
295,R3,out,1+,A2,0.2,-2.0,90.0,9000000.0,1800000.0,6.954242509439325,6.2552725051033065,5.0751412682458845,0.30102999566398125,,,,,,,,,,+,+,3,1,1.A2
296,R3,out,1+,A3,0.2,-2.0,70.0,7000000.0,1400000.0,6.845098040014257,6.146128035678238,4.94023179499651,-0.14167369425198828,,,,,,,,,,+,+,3,1,1.A3
297,R3,out,1+,A4,0.2,-2.0,28.0,2800000.0,560000.0,6.447158031342219,5.748188027006201,5.196294645143968,-0.15490195998574308,,,,,,,,,,+,+,3,1,1.A4
298,R3,out,1+,A5,0.2,-2.0,74.0,7400000.0,1480000.0,6.869231719730976,6.1702617153949575,4.916098115279791,0.1790356397024624,,,,,,,,,,+,+,3,1,1.A5
299,R3,out,1+,A6,0.2,-2.0,35.0,3500000.0,700000.0,6.544068044350276,5.845098040014257,5.180207825250513,-0.24126179066049147,,,,,,,,,,+,+,3,1,1.A6
300,R3,in,1+,C7,0.2,-8.0,39.0,3900000000000.0,780000000000.0,12.5910646070265,11.89209460269048,,,,,,,,,,,,+,i,3,1,1.C7
301,R3,in,1+,C8,0.2,-8.0,45.0,4500000000000.0,900000000000.0,12.653212513775344,11.954242509439325,,,,,,,,,,,,+,i,3,1,1.C8
302,R3,in,1+,C9,0.2,-7.0,65.0,650000000000.0,130000000000.0,11.812913356642856,11.113943352306837,,,,,,,,,,,,+,i,3,1,1.C9
303,R3,in,1+,C10,0.2,-7.0,66.0,660000000000.0,132000000000.0,11.81954393554187,11.12057393120585,,,,,,,,,,,,+,i,3,1,1.C10
304,R3,in,1+,C11,0.2,-7.0,63.0,630000000000.0,126000000000.0,11.799340549453582,11.100370545117563,,,,,,,,,,,,+,i,3,1,1.C11
305,R3,in,1+,C12,0.2,-7.0,55.0,550000000000.0,110000000000.0,11.740362689494244,11.041392685158225,,,,,,,,,,,,+,i,3,1,1.C12
306,R3,out,1+,C7,0.2,-4.0,15.0,150000000.0,30000000.0,8.176091259055681,7.477121254719663,4.414973347970818,1.4126632654927445,,,,,,,,,,+,+,3,1,1.C7
307,R3,out,1+,C8,0.2,-4.0,22.0,220000000.0,44000000.0,8.342422680822207,7.643452676486188,4.310789832953137,0.6348525047242699,,,,,,,,,,+,+,3,1,1.C8
308,R3,out,1+,C9,0.2,-4.0,14.0,140000000.0,28000000.0,8.146128035678238,7.447158031342219,3.6667853209646175,1.2540334329877583,,,,,,,,,,+,+,3,1,1.C9
309,R3,out,1+,C10,0.2,-4.0,16.0,160000000.0,32000000.0,8.204119982655925,7.505149978319906,3.615423952885944,1.4259687322722812,,,,,,,,,,+,+,3,1,1.C10
310,R3,out,1+,C11,0.2,-3.0,59.0,59000000.0,11800000.0,7.770852011642144,7.071882007306125,4.028488537811438,0.8070641842965882,,,,,,,,,,+,+,3,1,1.C11
311,R3,out,1+,C12,0.2,-4.0,21.0,210000000.0,42000000.0,8.32221929473392,7.623249290397901,3.4181433947603246,0.6887508391543333,,,,,,,,,,+,+,3,1,1.C12
312,R3,in,1+,E1,0.2,-7.0,43.0,430000000000.0,86000000000.0,11.633468455579587,10.934498451243568,,,,,,,,,,,,+,i,3,1,1.E1
313,R3,in,1+,E2,0.2,-7.0,41.0,410000000000.0,82000000000.0,11.612783856719735,10.913813852383717,,,,,,,,,,,,+,i,3,1,1.E2
314,R3,in,1+,E3,0.2,-7.0,22.0,220000000000.0,44000000000.0,11.342422680822207,10.643452676486188,,,,,,,,,,,,+,i,3,1,1.E3
315,R3,in,1+,E4,0.2,-7.0,27.0,270000000000.0,54000000000.0,11.431363764158988,10.732393759822969,,,,,,,,,,,,+,i,3,1,1.E4
316,R3,in,1+,E5,0.2,-7.0,21.0,210000000000.0,42000000000.0,11.32221929473392,10.6232492903979,,,,,,,,,,,,+,i,3,1,1.E5
317,R3,in,1+,E6,0.2,-6.0,34.0,34000000000.0,6800000000.0,10.531478917042255,9.832508912706237,,,,,,,,,,,,+,i,3,1,1.E6
318,R3,out,1+,E1,0.2,-3.0,69.0,69000000.0,13800000.0,7.838849090737256,7.139879086401237,3.7946193648423314,1.3916910593950362,,,,,,,,,,+,+,3,1,1.E1
319,R3,out,1+,E2,0.2,-3.0,56.0,56000000.0,11200000.0,7.748188027006201,7.049218022670182,3.8645958297135348,1.1571234199797011,,,,,,,,,,+,+,3,1,1.E2
320,R3,out,1+,E3,0.2,-3.0,40.0,40000000.0,8000000.0,7.6020599913279625,6.903089986991944,3.740362689494244,1.1706962271689756,,,,,,,,,,+,+,3,1,1.E3
321,R3,out,1+,E4,0.2,-3.0,35.0,35000000.0,7000000.0,7.544068044350276,6.845098040014257,3.887295719808712,1.08167004645132,,,,,,,,,,+,+,3,1,1.E4
322,R3,out,1+,E5,0.2,-3.0,67.0,67000000.0,13400000.0,7.826074802700826,7.127104798364807,3.4961444920330935,1.4111014547300078,,,,,,,,,,+,+,3,1,1.E5
323,R3,out,1+,E6,0.2,-2.0,104.0,10400000.0,2080000.0,7.017033339298781,6.318063334962762,3.5144455777434747,1.7382797383459518,,,,,,,,,,+,+,3,1,1.E6
324,R3,in,1+,G7,0.2,-8.0,35.0,3500000000000.0,700000000000.0,12.544068044350276,11.845098040014257,,,,,,,,,,,,+,i,3,1,1.G7
325,R3,in,1+,G8,0.2,-8.0,26.0,2600000000000.0,520000000000.0,12.414973347970818,11.7160033436348,,,,,,,,,,,,+,i,3,1,1.G8
326,R3,in,1+,G9,0.2,-8.0,37.0,3700000000000.0,740000000000.0,12.568201724066995,11.869231719730976,,,,,,,,,,,,+,i,3,1,1.G9
327,R3,in,1+,G10,0.2,-8.0,40.0,4000000000000.0,800000000000.0,12.602059991327963,11.903089986991944,,,,,,,,,,,,+,i,3,1,1.G10
328,R3,in,1+,G11,0.2,-8.0,20.0,2000000000000.0,400000000000.0,12.301029995663981,11.602059991327963,,,,,,,,,,,,+,i,3,1,1.G11
329,R3,in,1+,G12,0.2,-8.0,22.0,2200000000000.0,440000000000.0,12.342422680822207,11.643452676486188,,,,,,,,,,,,+,i,3,1,1.G12
330,R3,out,1+,G7,0.2,-3.0,38.0,38000000.0,7600000.0,7.57978359661681,6.880813592280791,4.9642844477334656,0.13262556527459068,,,,,,,,,,+,+,3,1,1.G7
331,R3,out,1+,G8,0.2,-3.0,47.0,47000000.0,9400000.0,7.672097857935717,6.973127853599698,4.742875490035101,1.0093400262541428,,,,,,,,,,+,+,3,1,1.G8
332,R3,out,1+,G9,0.2,-3.0,16.0,16000000.0,3200000.0,7.204119982655925,6.505149978319906,5.36408174141107,-0.15760785336166805,,,,,,,,,,+,+,3,1,1.G9
333,R3,out,1+,G10,0.2,-3.0,73.0,73000000.0,14600000.0,7.863322860120456,7.164352855784437,4.738737131207507,1.0504095034776002,,,,,,,,,,+,+,3,1,1.G10
334,R3,out,1+,G11,0.2,-3.0,28.0,28000000.0,5600000.0,7.447158031342219,6.748188027006201,4.853871964321762,1.066946789630613,,,,,,,,,,+,+,3,1,1.G11
335,R3,out,1+,G12,0.2,-3.0,47.0,47000000.0,9400000.0,7.672097857935717,6.973127853599698,4.6703248228864895,0.6427140802505074,,,,,,,,,,+,+,3,1,1.G12
336,R3,in,2+,A1,0.2,-7.0,37.0,370000000000.0,74000000000.0,11.568201724066995,10.869231719730976,,,,,,,,,,,,+,i,3,2,2.A1
337,R3,in,2+,A2,0.2,-7.0,33.0,330000000000.0,66000000000.0,11.518513939877888,10.81954393554187,,,,,,,,,,,,+,i,3,2,2.A2
338,R3,in,2+,A3,0.2,-7.0,52.0,520000000000.0,104000000000.0,11.7160033436348,11.01703333929878,,,,,,,,,,,,+,i,3,2,2.A3
339,R3,in,2+,A4,0.2,-7.0,35.0,350000000000.0,70000000000.0,11.544068044350276,10.845098040014257,,,,,,,,,,,,+,i,3,2,2.A4
340,R3,in,2+,A5,0.2,-7.0,57.0,570000000000.0,114000000000.0,11.755874855672491,11.056904851336473,,,,,,,,,,,,+,i,3,2,2.A5
341,R3,in,2+,A6,0.2,-7.0,31.0,310000000000.0,62000000000.0,11.491361693834273,10.792391689498254,,,,,,,,,,,,+,i,3,2,2.A6
342,R3,out,2+,A1,0.2,-3.0,9.0,9000000.0,1800000.0,6.954242509439325,6.2552725051033065,4.61395921462767,0.17609125905568135,,,,,,,,,,+,+,3,2,2.A1
343,R3,out,2+,A2,0.2,-3.0,33.0,33000000.0,6600000.0,7.518513939877887,6.819543935541868,4.000000000000001,0.8653014261025431,,,,,,,,,,+,+,3,2,2.A2
344,R3,out,2+,A3,0.2,-3.0,33.0,33000000.0,6600000.0,7.518513939877887,6.819543935541868,4.197489403756912,0.661181443446619,,,,,,,,,,+,+,3,2,2.A3
345,R3,out,2+,A4,0.2,-3.0,16.0,16000000.0,3200000.0,7.204119982655925,6.505149978319906,4.339948061694351,0.3912066260130693,,,,,,,,,,+,+,3,2,2.A4
346,R3,out,2+,A5,0.2,-3.0,22.0,22000000.0,4400000.0,7.342422680822207,6.643452676486188,4.413452174850285,0.6796648491406323,,,,,,,,,,+,+,3,2,2.A5
347,R3,out,2+,A6,0.2,-3.0,25.0,25000000.0,5000000.0,7.3979400086720375,6.698970004336019,4.093421685162236,0.7544873321858505,,,,,,,,,,+,+,3,2,2.A6
348,R3,in,2+,C7,0.2,-7.0,34.0,340000000000.0,68000000000.0,11.531478917042255,10.832508912706237,,,,,,,,,,,,+,i,3,2,2.C7
349,R3,in,2+,C8,0.2,-7.0,31.0,310000000000.0,62000000000.0,11.491361693834273,10.792391689498254,,,,,,,,,,,,+,i,3,2,2.C8
350,R3,in,2+,C9,0.2,-7.0,14.0,140000000000.0,28000000000.0,11.146128035678238,10.44715803134222,,,,,,,,,,,,+,i,3,2,2.C9
351,R3,in,2+,C10,0.2,-7.0,30.0,300000000000.0,60000000000.0,11.477121254719663,10.778151250383644,,,,,,,,,,,,+,i,3,2,2.C10
352,R3,in,2+,C11,0.2,-7.0,13.0,130000000000.0,26000000000.0,11.113943352306837,10.414973347970818,,,,,,,,,,,,+,i,3,2,2.C11
353,R3,in,2+,C12,0.2,-7.0,35.0,350000000000.0,70000000000.0,11.544068044350276,10.845098040014257,,,,,,,,,,,,+,i,3,2,2.C12
354,R3,out,2+,C7,0.2,-3.0,26.0,26000000.0,5200000.0,7.414973347970818,6.7160033436347994,4.116505569071437,0.15970084286751263,,,,,,,,,,+,+,3,2,2.C7
355,R3,out,2+,C8,0.2,-3.0,28.0,28000000.0,5600000.0,7.447158031342219,6.748188027006201,4.044203662492054,0.24303804868629442,,,,,,,,,,+,+,3,2,2.C8
356,R3,out,2+,C9,0.2,-2.0,80.0,8000000.0,1600000.0,6.903089986991944,6.204119982655925,4.243038048686294,-0.3979400086720375,,,,,,,,,,+,+,3,2,2.C9
357,R3,out,2+,C10,0.2,-3.0,20.0,20000000.0,4000000.0,7.301029995663981,6.6020599913279625,4.176091259055681,-0.5185139398778871,,,,,,,,,,+,+,3,2,2.C10
358,R3,out,2+,C11,0.2,-3.0,14.0,14000000.0,2800000.0,7.146128035678238,6.447158031342219,3.9678153166285988,-0.3979400086720375,,,,,,,,,,+,+,3,2,2.C11
359,R3,out,2+,C12,0.2,-3.0,21.0,21000000.0,4200000.0,7.3222192947339195,6.623249290397901,4.221848749616356,-0.22184874961635614,,,,,,,,,,+,+,3,2,2.C12
360,R3,in,2+,E1,0.2,-5.0,84.0,8400000000.0,1680000000.0,9.924279286061882,9.225309281725863,,,,,,,,,,,,+,i,3,2,2.E1
361,R3,in,2+,E2,0.2,-7.0,55.0,550000000000.0,110000000000.0,11.740362689494244,11.041392685158225,,,,,,,,,,,,+,i,3,2,2.E2
362,R3,in,2+,E3,0.2,-7.0,44.0,440000000000.0,88000000000.0,11.643452676486188,10.94448267215017,,,,,,,,,,,,+,i,3,2,2.E3
363,R3,in,2+,E4,0.2,-7.0,37.0,370000000000.0,74000000000.0,11.568201724066995,10.869231719730976,,,,,,,,,,,,+,i,3,2,2.E4
364,R3,in,2+,E5,0.2,-7.0,24.0,240000000000.0,48000000000.0,11.380211241711606,10.681241237375588,,,,,,,,,,,,+,i,3,2,2.E5
365,R3,in,2+,E6,0.2,-7.0,39.0,390000000000.0,78000000000.0,11.5910646070265,10.89209460269048,,,,,,,,,,,,+,i,3,2,2.E6
366,R3,out,2+,E1,0.2,-1.0,95.0,950000.0,190000.0,5.977723605288848,5.278753600952829,3.9465556807730344,0.13262556527459068,,,,,,,,,,+,+,3,2,2.E1
367,R3,out,2+,E2,0.2,-3.0,67.0,67000000.0,13400000.0,7.826074802700826,7.127104798364807,3.914287886793418,0.9069967103247523,,,,,,,,,,+,+,3,2,2.E2
368,R3,out,2+,E3,0.2,-3.0,67.0,67000000.0,13400000.0,7.826074802700826,7.127104798364807,3.817377873785362,0.9395840775283446,,,,,,,,,,+,+,3,2,2.E3
369,R3,out,2+,E4,0.2,-3.0,96.0,96000000.0,19200000.0,7.982271233039568,7.283301228703549,3.585930491027427,1.0377885608893997,,,,,,,,,,+,+,3,2,2.E4
370,R3,out,2+,E5,0.2,-3.0,96.0,96000000.0,19200000.0,7.982271233039568,7.283301228703549,3.3979400086720384,1.1310128843204925,,,,,,,,,,+,+,3,2,2.E5
371,R3,out,2+,E6,0.2,-3.0,71.0,71000000.0,14200000.0,7.8512583487190755,7.152288344383057,3.739806258307424,0.8689871156795075,,,,,,,,,,+,+,3,2,2.E6
372,R3,in,2+,G7,0.2,-8.0,91.0,9100000000000.0,1820000000000.0,12.959041392321094,12.260071387985075,,,,,,,,,,,,+,i,3,2,2.G7
373,R3,in,2+,G8,0.2,-8.0,94.0,9400000000000.0,1880000000000.0,12.9731278535997,12.27415784926368,,,,,,,,,,,,+,i,3,2,2.G8
374,R3,in,2+,G9,0.2,-8.0,101.0,10100000000000.0,2020000000000.0,13.004321373782643,12.305351369446624,,,,,,,,,,,,+,i,3,2,2.G9
375,R3,in,2+,G10,0.2,-8.0,99.0,9900000000000.0,1980000000000.0,12.99563519459755,12.296665190261532,,,,,,,,,,,,+,i,3,2,2.G10
376,R3,in,2+,G11,0.2,-8.0,101.0,10100000000000.0,2020000000000.0,13.004321373782643,12.305351369446624,,,,,,,,,,,,+,i,3,2,2.G11
377,R3,in,2+,G12,0.2,-8.0,79.0,7900000000000.0,1580000000000.0,12.897627091290442,12.198657086954423,,,,,,,,,,,,+,i,3,2,2.G12
378,R3,out,2+,G7,0.2,-4.0,23.0,230000000.0,46000000.0,8.361727836017593,7.662757831681574,4.597313556303501,0.7384785456196923,,,,,,,,,,+,+,3,2,2.G7
379,R3,out,2+,G8,0.2,-4.0,34.0,340000000.0,68000000.0,8.531478917042255,7.832508912706237,4.441648936557444,0.8593810591065383,,,,,,,,,,+,+,3,2,2.G8
380,R3,out,2+,G9,0.2,-4.0,18.0,180000000.0,36000000.0,8.255272505103306,7.556302500767287,4.7490488686793375,0.7501225267833993,,,,,,,,,,+,+,3,2,2.G9
381,R3,out,2+,G10,0.2,-4.0,25.0,250000000.0,50000000.0,8.397940008672037,7.698970004336019,4.597695185925513,0.6197887582883936,,,,,,,,,,+,+,3,2,2.G10
382,R3,out,2+,G11,0.2,-4.0,21.0,210000000.0,42000000.0,8.32221929473392,7.623249290397901,4.6821020790487236,0.6787666182477325,,,,,,,,,,+,+,3,2,2.G11
383,R3,out,2+,G12,0.2,-4.0,29.0,290000000.0,58000000.0,8.462397997898956,7.763427993562937,4.435229093391486,0.6494846412561,,,,,,,,,,+,+,3,2,2.G12
384,R4,in,1+,A1,0.2,-8.0,107.831818,10783181800000.0,2156636360000.0,13.032746927297152,12.333776922961134,,,,,,,,,,,,+,i,4,1,1.A1
385,R4,in,1+,A2,0.2,-8.0,92.526863,9252686300000.0,1850537260000.0,12.966267838241338,12.26729783390532,,,,,,,,,,,,+,i,4,1,1.A2
386,R4,in,1+,A3,0.2,-8.0,104.165192,10416519200000.0,2083303840000.0,13.01772261869679,12.318752614360772,,,,,,,,,,,,+,i,4,1,1.A3
387,R4,in,1+,A4,0.2,-8.0,123.923241,12392324100000.0,2478464820000.0,13.0931527631276,12.394182758791581,,,,,,,,,,,,+,i,4,1,1.A4
388,R4,in,1+,A5,0.2,-8.0,123.910316,12391031600000.0,2478206320000.0,13.093107464530819,12.3941374601948,,,,,,,,,,,,+,i,4,1,1.A5
389,R4,in,1+,A6,0.2,-8.0,98.759087,9875908700000.0,1975181740000.0,12.99457706634804,12.29560706201202,,,,,,,,,,,,+,i,4,1,1.A6
390,R4,out,1+,A1,0.2,-3.0,27.281261,27281261.0,5456252.2,7.435864440496347,6.736894436160329,5.596882486800805,-0.14193473792600564,,,,,,,,,,+,+,4,1,1.A1
391,R4,out,1+,A2,0.2,-3.0,37.216862,37216862.0,7443372.4,7.5707397520957525,6.871769747759734,5.395528086145585,-0.1547192679502949,,,,,,,,,,+,+,4,1,1.A2
392,R4,out,1+,A3,0.2,-2.0,63.70546,6370546.0,1274109.2000000002,6.80417665598138,6.105206651645362,6.21354596271541,-1.163353980871352,,,,,,,,,,+,+,4,1,1.A3
393,R4,out,1+,A4,0.2,-2.0,45.97805,4597805.0,919561.0,6.662550548225168,5.963580543889149,6.430602214902432,-0.7294490401640186,,,,,,,,,,+,+,4,1,1.A4
394,R4,out,1+,A5,0.2,-3.0,44.997299,44997299.0,8999459.8,7.6531864456731,6.954216441337081,5.439921018857719,-0.05043267098539861,,,,,,,,,,+,+,4,1,1.A5
395,R4,out,1+,A6,0.2,-3.0,47.899208,47899208.0,9579841.6,7.680328332536206,6.981358328200187,5.314248733811834,0.39060572347247025,,,,,,,,,,+,+,4,1,1.A6
396,R4,in,1+,C7,0.2,-8.0,69.812515,6981251500000.0,1396250300000.0,12.843933283772722,12.144963279436704,,,,,,,,,,,,+,i,4,1,1.C7
397,R4,in,1+,C8,0.2,-8.0,52.564449,5256444900000.0,1051288980000.0,12.720692116338235,12.021722112002216,,,,,,,,,,,,+,i,4,1,1.C8
398,R4,in,1+,C9,0.2,-8.0,77.435799,7743579900000.0,1548715980000.0,12.888941783858607,12.189971779522587,,,,,,,,,,,,+,i,4,1,1.C9
399,R4,in,1+,C10,0.2,-8.0,74.741035,7474103500000.0,1494820700000.0,12.873559107584752,12.174589103248733,,,,,,,,,,,,+,i,4,1,1.C10
400,R4,in,1+,C11,0.2,-8.0,64.790497,6479049700000.0,1295809940000.0,12.811511311378103,12.112541307042084,,,,,,,,,,,,+,i,4,1,1.C11
401,R4,in,1+,C12,0.2,-8.0,38.740932,3874093200000.0,774818640000.0,12.588170064436483,11.889200060100464,,,,,,,,,,,,+,i,4,1,1.C12
402,R4,out,1+,C7,0.2,-2.0,64.939484,6493948.399999999,1298789.68,6.812508833460864,6.113538829124845,6.031424450311858,-0.6404823321085669,,,,,,,,,,+,+,4,1,1.C7
403,R4,out,1+,C8,0.2,-3.0,74.09816,74098160.0,14819632.0,7.869807423744939,7.170837419408921,4.850884692593295,0.9250204375463165,,,,,,,,,,+,+,4,1,1.C8
404,R4,out,1+,C9,0.2,-2.0,78.529037,7852903.7,1570580.7400000002,6.895030271740487,6.1960602674044685,5.993911512118118,-0.059910508949310604,,,,,,,,,,+,+,4,1,1.C9
405,R4,out,1+,C10,0.2,-2.0,76.531189,7653118.899999999,1530623.78,6.8838384606459,6.184868456309881,5.989720646938852,0.13361050382090944,,,,,,,,,,+,+,4,1,1.C10
406,R4,out,1+,C11,0.2,-2.0,66.227615,6622761.5,1324552.3,6.821039115442635,6.122069111106616,5.990472195935468,-0.06630760604115427,,,,,,,,,,+,+,4,1,1.C11
407,R4,out,1+,C12,0.2,-2.0,23.343361,2334336.1,466867.22000000003,6.368163386356597,5.669193382020579,6.220006678079885,-0.5138844354241376,,,,,,,,,,+,+,4,1,1.C12
408,R4,in,1+,E1,0.2,-8.0,34.198624,3419862400000.0,683972480000.0,12.534008632335986,11.835038627999968,,,,,,,,,,,,+,i,4,1,1.E1
409,R4,in,1+,E2,0.2,-8.0,24.633459,2463345900000.0,492669180000.0,12.391525399217816,11.692555394881797,,,,,,,,,,,,+,i,4,1,1.E2
410,R4,in,1+,E3,0.2,-8.0,50.996807,5099680700000.0,1019936140000.0,12.707542985005942,12.008572980669923,,,,,,,,,,,,+,i,4,1,1.E3
411,R4,in,1+,E4,0.2,-8.0,76.36792,7636792000000.0,1527358400000.0,12.882910962072756,12.183940957736738,,,,,,,,,,,,+,i,4,1,1.E4
412,R4,in,1+,E5,0.2,-8.0,29.906328,2990632800000.0,598126560000.0,12.475763092160818,11.7767930878248,,,,,,,,,,,,+,i,4,1,1.E5
413,R4,in,1+,E6,0.2,-5.0,51.444725,5144472500.0,1028894500.0,9.711340850024799,9.01237084568878,,,,,,,,,,,,+,i,4,1,1.E6
414,R4,out,1+,E1,0.2,-3.0,78.809929,78809929.0,15761985.8,7.896580936249267,7.197610931913248,4.63742769608672,0.1976314745280785,,,,,,,,,,+,+,4,1,1.E1
415,R4,out,1+,E2,0.2,-4.0,51.041927,510419270.0,102083854.0,8.707927062062417,8.008957057726398,3.6835983371553986,1.2738383986902804,,,,,,,,,,+,+,4,1,1.E2
416,R4,out,1+,E3,0.2,-3.0,50.893181,50893181.0,10178636.200000001,7.706659596630262,7.007689592294243,5.00088338837568,0.14128799265999437,,,,,,,,,,+,+,4,1,1.E3
417,R4,out,1+,E4,0.2,-3.0,43.651093,43651093.0,8730218.6,7.639995122679063,6.9410251183430445,5.242915839393693,-0.16910108378682853,,,,,,,,,,+,+,4,1,1.E4
418,R4,out,1+,E5,0.2,-3.0,67.453514,67453514.0,13490702.8,7.829004579227452,7.130034574891433,4.646758512933366,-0.11980333175268765,,,,,,,,,,+,+,4,1,1.E5
419,R4,out,1+,E6,0.2,-2.0,27.311466,2731146.6,546229.3200000001,6.436345012429104,5.737375008093085,3.2749958375956947,1.057533039249205,,,,,,,,,,+,+,4,1,1.E6
420,R4,in,1+,E7,0.2,-8.0,83.112343,8311234300000.0,1662246860000.0,12.919665525573848,12.220695521237829,,,,,,,,,,,,+,i,4,1,1.E7
421,R4,in,1+,E8,0.2,-8.0,77.660378,7766037799999.999,1553207560000.0,12.890199500077072,12.191229495741053,,,,,,,,,,,,+,i,4,1,1.E8
422,R4,in,1+,E9,0.2,-8.0,105.998627,10599862700000.0,2119972540000.0,13.025300239885661,12.326330235549642,,,,,,,,,,,,+,i,4,1,1.E9
423,R4,in,1+,E10,0.2,-8.0,81.944794,8194479400000.0,1638895880000.0,12.913521367804131,12.214551363468113,,,,,,,,,,,,+,i,4,1,1.E10
424,R4,in,1+,E11,0.2,-8.0,71.476875,7147687500000.001,1429537500000.0002,12.854165556705409,12.15519555236939,,,,,,,,,,,,+,i,4,1,1.E11
425,R4,in,1+,E12,0.2,-8.0,70.710907,7071090700000.001,1414218140000.0002,12.84948640792096,12.150516403584941,,,,,,,,,,,,+,i,4,1,1.E12
426,R4,out,1+,E7,0.2,-2.0,76.6707,7667070.0,1533414.0,6.884629428363181,6.185659424027161,6.035036097210668,-1.1159025127066116,,,,,,,,,,+,+,4,1,1.E7
427,R4,out,1+,E8,0.2,-2.0,71.63327,7163327.0,1432665.4000000001,6.855114776797895,6.156144772461876,6.035084723279177,-0.4960211440724631,,,,,,,,,,+,+,4,1,1.E8
428,R4,out,1+,E9,0.2,-3.0,52.314018,52314018.0,10462803.600000001,7.718618077477522,7.019648073141504,5.306682162408139,0.33543817932296704,,,,,,,,,,+,+,4,1,1.E9
429,R4,out,1+,E10,0.2,-3.0,75.428749,75428749.0,15085749.8,7.877536904919944,7.178566900583926,5.035984462884187,0.14545311675999795,,,,,,,,,,+,+,4,1,1.E10
430,R4,out,1+,E11,0.2,-2.0,46.155079,4615507.9,923101.5800000001,6.664219498651308,5.965249494315289,6.189946058054101,-1.160139827855219,,,,,,,,,,+,+,4,1,1.E11
431,R4,out,1+,E12,0.2,-2.0,31.786407,3178640.7,635728.1400000001,6.502241439891439,5.803271435555421,6.34724496802952,-0.3858589355579314,,,,,,,,,,+,+,4,1,1.E12
432,R4,in,1+,F7,0.2,-8.0,107.343491,10734349100000.0,2146869820000.0,13.030775715204628,12.331805710868608,,,,,,,,,,,,+,i,4,1,1.F7
433,R4,in,1+,F8,0.2,-8.0,102.822136,10282213600000.0,2056442720000.0,13.012086621544027,12.313116617208008,,,,,,,,,,,,+,i,4,1,1.F8
434,R4,in,1+,F9,0.2,-8.0,111.29463200000001,11129463200000.0,2225892640000.0,13.046474217802814,12.347504213466795,,,,,,,,,,,,+,i,4,1,1.F9
435,R4,in,1+,F10,0.2,-8.0,112.120934,11212093400000.0,2242418680000.0,13.049686706902703,12.350716702566684,,,,,,,,,,,,+,i,4,1,1.F10
436,R4,in,1+,F11,0.2,-8.0,116.721649,11672164900000.0,2334432980000.0,13.067151414479483,12.368181410143464,,,,,,,,,,,,+,i,4,1,1.F11
437,R4,in,1+,F12,0.2,-8.0,108.963303,10896330300000.0,2179266060000.0,13.037280259518525,12.338310255182506,,,,,,,,,,,,+,i,4,1,1.F12
438,R4,out,1+,F7,0.2,-3.0,39.960213,39960213.0,7992042.600000001,7.601627794480824,6.902657790144805,5.4291479207238025,-0.0014282265073575218,,,,,,,,,,+,+,4,1,1.F7
439,R4,out,1+,F8,0.2,-3.0,105.722046,105722046.0,21144409.200000003,8.024165559282903,7.325195554946884,4.987921062261124,1.8305402520192553,,,,,,,,,,+,+,4,1,1.F8
440,R4,out,1+,F9,0.2,-2.0,51.089153,5108915.300000001,1021783.0600000002,6.708328702633811,6.009358698297793,6.3381455151690025,0.31776546486903534,,,,,,,,,,+,+,4,1,1.F9
441,R4,out,1+,F10,0.2,-2.0,52.592049,5259204.9,1051840.9800000002,6.720920091369807,6.0219500870337885,6.328766615532896,0.278296198082824,,,,,,,,,,+,+,4,1,1.F10
442,R4,out,1+,F11,0.2,-2.0,42.047401,4204740.1,840948.02,6.623739156703684,5.9247691523676655,6.443412257775798,0.13210234742089977,,,,,,,,,,+,+,4,1,1.F11
443,R4,out,1+,F12,0.2,-2.0,45.871429,4587142.9,917428.5800000001,6.661542269609809,5.962572265273789,6.375737989908717,0.8133541998545928,,,,,,,,,,+,+,4,1,1.F12
444,R4,in,1+,G7,0.2,-8.0,65.937607,6593760700000.0,1318752140000.0,12.819133181728072,12.120163177392053,,,,,,,,,,,,+,i,4,1,1.G7
445,R4,in,1+,G8,0.2,-8.0,84.278229,8427822900000.0,1685564580000.0,12.925715400884703,12.226745396548685,,,,,,,,,,,,+,i,4,1,1.G8
446,R4,in,1+,G9,0.2,-8.0,86.346077,8634607699999.999,1726921540000.0,12.936242610855935,12.237272606519916,,,,,,,,,,,,+,i,4,1,1.G9
447,R4,in,1+,G10,0.2,-8.0,49.216778,4921677800000.0,984335560000.0,12.692113179000621,11.993143174664603,,,,,,,,,,,,+,i,4,1,1.G10
448,R4,in,1+,G11,0.2,-8.0,80.786346,8078634599999.999,1615726920000.0,12.907337965255511,12.208367960919492,,,,,,,,,,,,+,i,4,1,1.G11
449,R4,in,1+,G12,0.2,-8.0,59.141388,5914138800000.0,1182827760000.0,12.771891512845952,12.072921508509934,,,,,,,,,,,,+,i,4,1,1.G12
450,R4,out,1+,G7,0.2,-2.0,53.147583,5314758.3,1062951.66,6.725483518838039,6.02651351450202,6.093649662890033,-0.3302774003880975,,,,,,,,,,+,+,4,1,1.G7
451,R4,out,1+,G8,0.2,-3.0,47.304794,47304794.0,9460958.8,7.674905155584417,6.9759351512483985,5.250810245300286,0.7888691660338969,,,,,,,,,,+,+,4,1,1.G8
452,R4,out,1+,G9,0.2,-2.0,80.020958,8002095.799999999,1600419.16,6.9032037463884315,6.204233742052413,6.033038864467503,0.10059209447096595,,,,,,,,,,+,+,4,1,1.G9
453,R4,out,1+,G10,0.2,-2.0,79.904282,7990428.199999999,1598085.64,6.902570053395871,6.203600049059852,5.789543125604751,0.33863802244360297,,,,,,,,,,+,+,4,1,1.G10
454,R4,out,1+,G11,0.2,-2.0,27.052521,2705252.1,541050.42,6.432207742839001,5.733237738502982,6.47513022241651,-0.2557209330906902,,,,,,,,,,+,+,4,1,1.G11
455,R4,out,1+,G12,0.2,-3.0,32.740387,32740387.0,6548077.4,7.515083808581456,6.816113804245437,5.256807704264497,0.4420931424638921,,,,,,,,,,+,+,4,1,1.G12
456,R4,in,2+,A1,0.2,-8.0,21.559853,2155985300000.0,431197060000.0,12.333645795405866,11.634675791069848,,,,,,,,,,,,+,i,4,2,2.A1
457,R4,in,2+,A2,0.2,-8.0,22.312946,2231294600000.0,446258920000.0,12.348556914393102,11.649586910057083,,,,,,,,,,,,+,i,4,2,2.A2
458,R4,in,2+,A3,0.2,-8.0,49.609833,4960983300000.0,992196660000.0,12.69556776508697,11.996597760750952,,,,,,,,,,,,+,i,4,2,2.A3
459,R4,in,2+,A4,0.2,-8.0,72.010353,7201035299999.999,1440207060000.0,12.85739493986933,12.158424935533311,,,,,,,,,,,,+,i,4,2,2.A4
460,R4,in,2+,A5,0.2,-8.0,44.482338,4448233800000.0,889646760000.0,12.648187605773055,11.949217601437036,,,,,,,,,,,,+,i,4,2,2.A5
461,R4,in,2+,A6,0.2,-8.0,64.414032,6441403200000.001,1288280640000.0002,12.808980484694578,12.110010480358559,,,,,,,,,,,,+,i,4,2,2.A6
462,R4,out,2+,A1,0.2,-2.0,22.910856,2291085.6,458217.12000000005,6.360041315690123,5.661071311354104,5.9736044797157435,-1.3521491377035044,,,,,,,,,,+,+,4,2,2.A1
463,R4,out,2+,A2,0.2,-3.0,14.661806,14661806.0,2932361.2,7.166187468772107,6.4672174644360885,5.182369445620995,0.07452002940872227,,,,,,,,,,+,+,4,2,2.A2
464,R4,out,2+,A3,0.2,-3.0,18.515713,18515713.0,3703142.6,7.267540440447222,6.568570436111203,5.428027324639748,0.2912762740369761,,,,,,,,,,+,+,4,2,2.A3
465,R4,out,2+,A4,0.2,-2.0,39.113415,3911341.5000000005,782268.3000000002,6.592325735944671,5.8933557316086524,6.265069203924659,-0.3824593887181207,,,,,,,,,,+,+,4,2,2.A4
466,R4,out,2+,A5,0.2,-2.0,40.066551,4006655.0999999996,801331.02,6.602781959199947,5.9038119548639285,6.045405646573108,-0.1440250281017006,,,,,,,,,,+,+,4,2,2.A5
467,R4,out,2+,A6,0.2,-2.0,40.431675,4043167.5,808633.5,6.606721733621301,5.907751729285282,6.202258751073277,-1.156748931022035,,,,,,,,,,+,+,4,2,2.A6
468,R4,in,2+,C7,0.2,-8.0,86.860252,8686025200000.0,1737205040000.0,12.938821085008373,12.239851080672354,,,,,,,,,,,,+,i,4,2,2.C7
469,R4,in,2+,C8,0.2,-8.0,84.384102,8438410200000.0,1687682040000.0,12.926260633070802,12.227290628734782,,,,,,,,,,,,+,i,4,2,2.C8
470,R4,in,2+,C9,0.2,-8.0,75.215309,7521530900000.0,1504306180000.0,12.876306244016675,12.177336239680656,,,,,,,,,,,,+,i,4,2,2.C9
471,R4,in,2+,C10,0.2,-8.0,57.458599,5745859900000.0,1149171980000.0,12.759355032481078,12.06038502814506,,,,,,,,,,,,+,i,4,2,2.C10
472,R4,in,2+,C11,0.2,-8.0,57.663963,5766396300000.0,1153279260000.0,12.760904486298601,12.061934481962583,,,,,,,,,,,,+,i,4,2,2.C11
473,R4,in,2+,C12,0.2,-8.0,58.776253,5877625300000.0,1175525060000.0,12.769201896243347,12.070231891907328,,,,,,,,,,,,+,i,4,2,2.C12
474,R4,out,2+,C7,0.2,-3.0,29.631563,29631563.0,5926312.600000001,7.471754560166255,6.772784555830237,5.467066524842117,1.7101129920938325,,,,,,,,,,+,+,4,2,2.C7
475,R4,out,2+,C8,0.2,-2.0,48.423542,4842354.2,968470.8400000001,6.685056553275771,5.986086548939753,6.241204079795029,0.1280698179758959,,,,,,,,,,+,+,4,2,2.C8
476,R4,out,2+,C9,0.2,-2.0,65.235649,6523564.899999999,1304712.98,6.814484987342106,6.115514983006087,6.061821256674569,0.37114774578777787,,,,,,,,,,+,+,4,2,2.C9
477,R4,out,2+,C10,0.2,-2.0,38.144051,3814405.0999999996,762881.02,6.581426814392217,5.8824568100561985,6.177928218088861,-0.09175443858724908,,,,,,,,,,+,+,4,2,2.C10
478,R4,out,2+,C11,0.2,-2.0,77.748512,7774851.2,1554970.2400000002,6.890692085977036,6.191722081641017,5.870212400321566,-0.034493850959852246,,,,,,,,,,+,+,4,2,2.C11
479,R4,out,2+,C12,0.2,-3.0,37.797672,37797672.0,7559534.4,7.577465051988319,6.8784950476523,5.191736844255028,0.6915977384557968,,,,,,,,,,+,+,4,2,2.C12
480,R4,in,2+,E1,0.2,-5.0,38.660309,3866030900.0,773206180.0,9.587265320889085,8.888295316553066,,,,,,,,,,,,+,i,4,2,2.E1
481,R4,in,2+,E2,0.2,-8.0,46.375229,4637522900000.0,927504580000.0,12.6662860671663,11.967316062830282,,,,,,,,,,,,+,i,4,2,2.E2
482,R4,in,2+,E3,0.2,-8.0,61.489632,6148963200000.0,1229792640000.0,12.788801893909056,12.089831889573038,,,,,,,,,,,,+,i,4,2,2.E3
483,R4,in,2+,E4,0.2,-7.0,64.374046,643740460000.0001,128748092000.00003,11.808710806010323,11.109740801674304,,,,,,,,,,,,+,i,4,2,2.E4
484,R4,in,2+,E5,0.2,-7.0,90.242569,902425690000.0,180485138000.0,11.95541145018806,11.256441445852042,,,,,,,,,,,,+,i,4,2,2.E5
485,R4,in,2+,E6,0.2,-8.0,38.439198,3843919799999.9995,768783960000.0,12.584774317919297,11.885804313583279,,,,,,,,,,,,+,i,4,2,2.E6
486,R4,out,2+,E1,0.2,-1.0,13.317863,133178.63,26635.726000000002,5.124434543020105,4.4254645386840865,4.462830777868979,-0.6887783467716071,,,,,,,,,,+,+,4,2,2.E1
487,R4,out,2+,E2,0.2,-2.0,97.575691,9757569.100000001,1951513.8200000003,6.989341635499526,6.290371631163508,5.676944431666774,0.14214202522848307,,,,,,,,,,+,+,4,2,2.E2
488,R4,out,2+,E3,0.2,-2.0,95.8452,9584520.0,1916904.0,6.981570367963045,6.282600363627027,5.807231525946011,0.17197541293870078,,,,,,,,,,+,+,4,2,2.E3
489,R4,out,2+,E4,0.2,-2.0,111.734726,11173472.6,2234694.52,7.0481881683383305,6.349218164002312,4.7605226376719925,0.5701242011352736,,,,,,,,,,+,+,4,2,2.E4
490,R4,out,2+,E5,0.2,-2.0,35.257324,3525732.4,705146.48,6.547249346643497,5.848279342307478,5.408162103544564,-0.2575905141281778,,,,,,,,,,+,+,4,2,2.E5
491,R4,out,2+,E6,0.2,-2.0,54.462982,5446298.199999999,1089259.64,6.73610141648779,6.037131412151771,5.848672901431508,-0.16698699618380353,,,,,,,,,,+,+,4,2,2.E6
492,R4,in,2+,G7,0.2,-8.0,60.544872,6054487200000.0,1210897440000.0,12.782077365374796,12.083107361038778,,,,,,,,,,,,+,i,4,2,2.G7
493,R4,in,2+,G8,0.2,-8.0,41.665802,4166580200000.0,833316040000.0,12.61977974571579,11.920809741379772,,,,,,,,,,,,+,i,4,2,2.G8
494,R4,in,2+,G9,0.2,-8.0,31.88541,3188541000000.0,637708200000.0,12.503592005754598,11.80462200141858,,,,,,,,,,,,+,i,4,2,2.G9
495,R4,in,2+,G10,0.2,-7.0,27.943298,279432980000.0,55886596000.0,11.446277662289058,10.747307657953039,,,,,,,,,,,,+,i,4,2,2.G10
496,R4,in,2+,G11,0.2,-8.0,27.780005,2778000500000.0,555600100000.0,12.443732319568344,11.744762315232324,,,,,,,,,,,,+,i,4,2,2.G11
497,R4,in,2+,G12,0.2,-7.0,77.16703,771670300000.0,154334060000.0,11.887431785471765,11.188461781135747,,,,,,,,,,,,+,i,4,2,2.G12
498,R4,out,2+,G7,0.2,-4.0,30.758911,307589110.0,61517822.0,8.487970955477154,7.789000951141135,4.294106409897642,1.7029821256400872,,,,,,,,,,+,+,4,2,2.G7
499,R4,out,2+,G8,0.2,-2.0,78.19223,7819222.999999999,1563844.5999999999,6.8931635991496165,6.194193594813598,5.726616146566174,-0.05791544724505382,,,,,,,,,,+,+,4,2,2.G8
500,R4,out,2+,G9,0.2,-2.0,53.198429,5319842.899999999,1063968.5799999998,6.725898807356982,6.026928803020963,5.777693198397616,-0.05613075384186583,,,,,,,,,,+,+,4,2,2.G9
501,R4,out,2+,G10,0.2,-2.0,62.565819,6256581.899999999,1251316.38,6.796337133946708,6.0973671296106895,4.649940528342349,0.4063719034843496,,,,,,,,,,+,+,4,2,2.G10
502,R4,out,2+,G11,0.2,-2.0,81.775558,8177555.800000001,1635511.1600000001,6.91262351623932,6.213653511903301,5.5311088033290225,0.4942549310648596,,,,,,,,,,+,+,4,2,2.G11
503,R4,out,2+,G12,0.2,-2.0,121.682487,12168248.7,2433649.7399999998,7.085228077436614,6.386258073100596,4.802203708035151,0.5780808319162158,,,,,,,,,,+,+,4,2,2.G12
0,R1,in,1-,input,0.2,-8.0,500.0,50000000000000.0,10000000000000.0,13.758196664603952,13.0,,,,,,,,,,,,-,i,1,1,1.input
1,R1,out,1-,A2,0.2,-5.0,65.0,6500000000.0,1300000000.0,9.812913356642856,9.113943352306837,3.886056647693163,,,,,,,,,,,-,-,1,1,1.A2
2,R1,out,1-,A3,0.2,-6.0,31.0,31000000000.0,6200000000.0,10.491361693834273,9.792391689498254,3.2076083105017457,,,,,,,,,,,-,-,1,1,1.A3
3,R1,out,1-,A4,0.2,-5.0,46.0,4600000000.0,920000000.0,9.662757831681574,8.963787827345556,4.036212172654444,,,,,,,,,,,-,-,1,1,1.A4
4,R1,out,1-,A5,0.2,-5.0,52.0,5200000000.0,1040000000.0,9.7160033436348,9.01703333929878,3.9829666607012193,,,,,,,,,,,-,-,1,1,1.A5
5,R1,out,1-,A6,0.2,-5.0,59.0,5900000000.0,1180000000.0,9.770852011642145,9.071882007306126,3.928117992693874,,,,,,,,,,,-,-,1,1,1.A6
24,R1,in,1-,E1,0.2,-5.0,48.0,4800000000.0,960000000.0,9.681241237375588,8.982271233039569,4.017728766960431,,,,,,,,,,,-,i,1,1,1.E1
25,R1,out,1-,E2,0.2,-5.0,38.0,3800000000.0,760000000.0,9.57978359661681,8.880813592280791,4.119186407719209,,,,,,,,,,,-,-,1,1,1.E2
26,R1,out,1-,E3,0.2,-5.0,42.0,4200000000.0,840000000.0,9.6232492903979,8.924279286061882,4.075720713938118,,,,,,,,,,,-,-,1,1,1.E3
27,R1,out,1-,E4,0.2,-5.0,29.0,2900000000.0,580000000.0,9.462397997898956,8.763427993562937,4.236572006437063,,,,,,,,,,,-,-,1,1,1.E4
28,R1,out,1-,E5,0.2,-5.0,33.0,3300000000.0,660000000.0,9.518513939877888,8.81954393554187,4.180456064458131,,,,,,,,,,,-,-,1,1,1.E5
29,R1,out,1-,E6,0.2,-5.0,46.0,4600000000.0,920000000.0,9.662757831681574,8.963787827345556,4.036212172654444,,,,,,,,,,,-,-,1,1,1.E6
48,R1,in,2-,input,0.2,-8.0,500.0,50000000000000.0,10000000000000.0,13.457694598000844,13.0,,,,,,,,,,,,-,i,1,2,2.input
49,R1,out,2-,A2,0.2,-6.0,18.0,18000000000.0,3600000000.0,10.255272505103306,9.556302500767288,3.4436974992327123,,,,,,,,,,,-,-,1,2,2.A2
50,R1,out,2-,A3,0.2,-6.0,15.0,15000000000.0,3000000000.0,10.176091259055681,9.477121254719663,3.5228787452803374,,,,,,,,,,,-,-,1,2,2.A3
51,R1,out,2-,A4,0.2,-6.0,17.0,17000000000.0,3400000000.0,10.230448921378274,9.531478917042255,3.4685210829577446,,,,,,,,,,,-,-,1,2,2.A4
52,R1,out,2-,A5,0.2,-6.0,12.0,12000000000.0,2400000000.0,10.079181246047625,9.380211241711606,3.6197887582883936,,,,,,,,,,,-,-,1,2,2.A5
53,R1,out,2-,A6,0.2,-6.0,17.0,17000000000.0,3400000000.0,10.230448921378274,9.531478917042255,3.4685210829577446,,,,,,,,,,,-,-,1,2,2.A6
72,R1,in,2-,E1,0.2,-5.0,48.0,4800000000.0,960000000.0,9.681241237375588,8.982271233039569,4.017728766960431,,,,,,,,,,,-,i,1,2,2.E1
73,R1,out,2-,E2,0.2,-5.0,18.0,1800000000.0,360000000.0,9.255272505103306,8.556302500767288,4.443697499232712,,,,,,,,,,,-,-,1,2,2.E2
74,R1,out,2-,E3,0.2,-5.0,24.0,2400000000.0,480000000.0,9.380211241711606,8.681241237375588,4.318758762624412,,,,,,,,,,,-,-,1,2,2.E3
75,R1,out,2-,E4,0.2,-5.0,11.0,1100000000.0,220000000.0,9.041392685158225,8.342422680822207,4.657577319177793,,,,,,,,,,,-,-,1,2,2.E4
76,R1,out,2-,E5,0.2,-5.0,11.0,1100000000.0,220000000.0,9.041392685158225,8.342422680822207,4.657577319177793,,,,,,,,,,,-,-,1,2,2.E5
77,R1,out,2-,E6,0.2,-5.0,11.0,1100000000.0,220000000.0,9.041392685158225,8.342422680822207,4.657577319177793,,,,,,,,,,,-,-,1,2,2.E6
162,R2,out,1-,A1,0.2,-3.0,31.0,31000000.0,6200000.0,7.491361693834273,6.7923916894982534,5.249000995659972,,,,,,,,,,,-,-,2,1,1.A1
163,R2,out,1-,A2,0.2,-3.0,20.0,20000000.0,4000000.0,7.301029995663981,6.6020599913279625,5.550228353055093,,,,,,,,,,,-,-,2,1,1.A2
164,R2,out,1-,A3,0.2,-3.0,20.0,20000000.0,4000000.0,7.301029995663981,6.6020599913279625,5.041392685158225,,,,,,,,,,,-,-,2,1,1.A3
165,R2,out,1-,A4,0.2,-3.0,10.0,10000000.0,2000000.0,7.0,6.301029995663981,5.6127838567197355,,,,,,,,,,,-,-,2,1,1.A4
166,R2,out,1-,A5,0.2,-3.0,26.0,26000000.0,5200000.0,7.414973347970818,6.7160033436347994,5.384367201482764,,,,,,,,,,,-,-,2,1,1.A5
167,R2,out,1-,A6,0.2,-3.0,34.0,34000000.0,6800000.0,7.531478917042255,6.832508912706237,5.382334935341461,,,,,,,,,,,-,-,2,1,1.A6
174,R2,out,1-,C1,0.2,-3.0,11.0,11000000.0,2200000.0,7.041392685158225,6.342422680822207,5.77152067148463,,,,,,,,,,,-,-,2,1,1.C1
175,R2,out,1-,C2,0.2,-3.0,23.0,23000000.0,4600000.0,7.361727836017593,6.662757831681574,5.507503883713383,,,,,,,,,,,-,-,2,1,1.C2
176,R2,out,1-,C3,0.2,-3.0,23.0,23000000.0,4600000.0,7.361727836017593,6.662757831681574,5.416423414366051,,,,,,,,,,,-,-,2,1,1.C3
177,R2,out,1-,C4,0.2,-3.0,9.0,9000000.0,1800000.0,6.954242509439325,6.2552725051033065,5.61395921462767,,,,,,,,,,,-,-,2,1,1.C4
178,R2,out,1-,C5,0.2,-3.0,23.0,23000000.0,4600000.0,7.361727836017593,6.662757831681574,5.301029995663981,,,,,,,,,,,-,-,2,1,1.C5
179,R2,out,1-,C6,0.2,-3.0,13.0,13000000.0,2600000.0,7.113943352306837,6.414973347970818,5.509305938091064,,,,,,,,,,,-,-,2,1,1.C6
186,R2,out,1-,E1,0.2,-3.0,53.0,53000000.0,10600000.0,7.724275869600789,7.02530586526477,5.0465761420413555,,,,,,,,,,,-,-,2,1,1.E1
187,R2,out,1-,E2,0.2,-3.0,53.0,53000000.0,10600000.0,7.724275869600789,7.02530586526477,4.24885198399891,,,,,,,,,,,-,-,2,1,1.E2
188,R2,out,1-,E3,0.2,-3.0,74.0,74000000.0,14800000.0,7.869231719730976,7.1702617153949575,4.8297382846050425,,,,,,,,,,,-,-,2,1,1.E3
189,R2,out,1-,E4,0.2,-3.0,42.0,42000000.0,8400000.0,7.623249290397901,6.924279286061882,5.202825512302926,,,,,,,,,,,-,-,2,1,1.E4
190,R2,out,1-,E5,0.2,-3.0,24.0,24000000.0,4800000.0,7.380211241711606,6.681241237375588,6.318758762624412,,,,,,,,,,,-,-,2,1,1.E5
191,R2,out,1-,E6,0.2,-3.0,62.0,62000000.0,12400000.0,7.7923916894982534,7.093421685162235,5.906578314837765,,,,,,,,,,,-,-,2,1,1.E6
198,R2,out,2-,G1,0.2,-3.0,24.0,24000000.0,4800000.0,7.380211241711606,6.681241237375588,5.199572354905204,,,,,,,,,,,-,-,2,2,2.G1
199,R2,out,2-,G2,0.2,-3.0,30.0,30000000.0,6000000.0,7.477121254719663,6.778151250383644,5.286306738843274,,,,,,,,,,,-,-,2,2,2.G2
200,R2,out,2-,G3,0.2,-3.0,97.0,97000000.0,19400000.0,7.986771734266245,7.2878017299302265,4.839303068434582,,,,,,,,,,,-,-,2,2,2.G3
201,R2,out,2-,G4,0.2,-3.0,47.0,47000000.0,9400000.0,7.672097857935717,6.973127853599698,4.981114655839627,,,,,,,,,,,-,-,2,2,2.G4
202,R2,out,2-,G5,0.2,-3.0,114.0,114000000.0,22800000.0,8.056904851336473,7.357934847000454,4.846185135655471,,,,,,,,,,,-,-,2,2,2.G5
203,R2,out,2-,G6,0.2,-3.0,45.0,45000000.0,9000000.0,7.653212513775344,6.954242509439325,5.296177492869569,,,,,,,,,,,-,-,2,2,2.G6
210,R2,out,2-,A1,0.2,-3.0,51.0,51000000.0,10200000.0,7.707570176097937,7.008600171761918,3.6726410656136697,,,,,,,,,,,-,-,2,2,2.A1
211,R2,out,2-,A2,0.2,-3.0,45.0,45000000.0,9000000.0,7.653212513775344,6.954242509439325,3.7939455175668755,,,,,,,,,,,-,-,2,2,2.A2
212,R2,out,2-,A3,0.2,-3.0,62.0,62000000.0,12400000.0,7.7923916894982534,7.093421685162235,3.7873919071185567,,,,,,,,,,,-,-,2,2,2.A3
213,R2,out,2-,A4,0.2,-3.0,70.0,70000000.0,14000000.0,7.845098040014257,7.146128035678238,3.9030899869919438,,,,,,,,,,,-,-,2,2,2.A4
214,R2,out,2-,A5,0.2,-3.0,59.0,59000000.0,11800000.0,7.770852011642144,7.071882007306125,4.055222791058683,,,,,,,,,,,-,-,2,2,2.A5
215,R2,out,2-,A6,0.2,-3.0,79.0,79000000.0,15800000.0,7.897627091290442,7.198657086954422,3.7044329000375216,,,,,,,,,,,-,-,2,2,2.A6
222,R2,out,2-,C1,0.2,-3.0,39.0,39000000.0,7800000.0,7.5910646070264995,6.892094602690481,5.187086643357144,,,,,,,,,,,-,-,2,2,2.C1
223,R2,out,2-,C2,0.2,-3.0,69.0,69000000.0,13800000.0,7.838849090737256,7.139879086401237,4.993659821968981,,,,,,,,,,,-,-,2,2,2.C2
224,R2,out,2-,C3,0.2,-3.0,38.0,38000000.0,7600000.0,7.57978359661681,6.880813592280791,5.198367653766834,,,,,,,,,,,-,-,2,2,2.C3
225,R2,out,2-,C4,0.2,-3.0,82.0,82000000.0,16400000.0,7.913813852383717,7.214843848047698,4.842061003288775,,,,,,,,,,,-,-,2,2,2.C4
226,R2,out,2-,C5,0.2,-3.0,96.0,96000000.0,19200000.0,7.982271233039568,7.283301228703549,4.936806859336506,,,,,,,,,,,-,-,2,2,2.C5
227,R2,out,2-,C6,0.2,-3.0,82.0,82000000.0,16400000.0,7.913813852383717,7.214843848047698,4.966999739897075,,,,,,,,,,,-,-,2,2,2.C6
234,R2,out,2-,E1,0.2,-3.0,51.0,51000000.0,10200000.0,7.707570176097937,7.008600171761918,5.1616615436330395,,,,,,,,,,,-,-,2,2,2.E1
235,R2,out,2-,E2,0.2,-3.0,56.0,56000000.0,11200000.0,7.748188027006201,7.049218022670182,5.16029699187245,,,,,,,,,,,-,-,2,2,2.E2
236,R2,out,2-,E3,0.2,-3.0,82.0,82000000.0,16400000.0,7.913813852383717,7.214843848047698,4.688246138944246,,,,,,,,,,,-,-,2,2,2.E3
237,R2,out,2-,E4,0.2,-3.0,70.0,70000000.0,14000000.0,7.845098040014257,7.146128035678238,5.0357155522665344,,,,,,,,,,,-,-,2,2,2.E4
238,R2,out,2-,E5,0.2,-3.0,92.0,92000000.0,18400000.0,7.963787827345556,7.264817823009537,4.928306775344925,,,,,,,,,,,-,-,2,2,2.E5
239,R2,out,2-,E6,0.2,-3.0,51.0,51000000.0,10200000.0,7.707570176097937,7.008600171761918,5.167491087293763,,,,,,,,,,,-,-,2,2,2.E6
246,R2,out,2-,G1,0.2,-3.0,66.0,66000000.0,13200000.0,7.819543935541868,7.12057393120585,4.627614095800351,,,,,,,,,,,-,-,2,2,2.G1
247,R2,out,2-,G2,0.2,-3.0,73.0,73000000.0,14600000.0,7.863322860120456,7.164352855784437,5.437707135543525,,,,,,,,,,,-,-,2,2,2.G2
248,R2,out,2-,G3,0.2,-3.0,80.0,80000000.0,16000000.0,7.903089986991944,7.204119982655925,4.948168361727131,,,,,,,,,,,-,-,2,2,2.G3
249,R2,out,2-,G4,0.2,-3.0,89.0,89000000.0,17800000.0,7.949390006644912,7.250420002308894,4.3293635943079165,,,,,,,,,,,-,-,2,2,2.G4
250,R2,out,2-,G5,0.2,-3.0,91.0,91000000.0,18200000.0,7.959041392321094,7.260071387985075,4.341988603342887,,,,,,,,,,,-,-,2,2,2.G5
251,R2,out,2-,G6,0.2,-3.0,125.0,125000000.0,25000000.0,8.096910013008056,7.3979400086720375,4.8169038393756605,,,,,,,,,,,-,-,2,2,2.G6
294,R3,out,1-,A1,0.2,-2.0,109.0,10900000.0,2180000.0,7.037426497940624,6.338456493604605,4.843387094340168,,,,,,,,,,,-,-,3,1,1.A1
295,R3,out,1-,A2,0.2,-2.0,45.0,4500000.0,900000.0,6.653212513775344,5.954242509439325,5.376171263909866,,,,,,,,,,,-,-,3,1,1.A2
296,R3,out,1-,A3,0.2,-2.0,97.0,9700000.0,1940000.0,6.986771734266245,6.2878017299302265,4.798558100744522,,,,,,,,,,,-,-,3,1,1.A3
297,R3,out,1-,A4,0.2,-2.0,40.0,4000000.0,800000.0,6.6020599913279625,5.903089986991944,5.041392685158225,,,,,,,,,,,-,-,3,1,1.A4
298,R3,out,1-,A5,0.2,-2.0,49.0,4900000.0,980000.0,6.690196080028514,5.991226075692495,5.095133754982253,,,,,,,,,,,-,-,3,1,1.A5
299,R3,out,1-,A6,0.2,-2.0,61.0,6100000.0,1220000.0,6.785329835010767,6.086359830674748,4.938946034590021,,,,,,,,,,,-,-,3,1,1.A6
306,R3,out,1-,C7,0.2,-2.0,58.0,5800000.0,1160000.0,6.763427993562937,6.064457989226918,5.827636613463563,,,,,,,,,,,-,-,3,1,1.C7
307,R3,out,1-,C8,0.2,-3.0,51.0,51000000.0,10200000.0,7.707570176097937,7.008600171761918,4.945642337677407,,,,,,,,,,,-,-,3,1,1.C8
308,R3,out,1-,C9,0.2,-2.0,78.0,7800000.0,1560000.0,6.892094602690481,6.193124598354461,4.920818753952376,,,,,,,,,,,-,-,3,1,1.C9
309,R3,out,1-,C10,0.2,-2.0,60.0,6000000.0,1200000.0,6.778151250383644,6.079181246047625,5.041392685158225,,,,,,,,,,,-,-,3,1,1.C10
310,R3,out,1-,C11,0.2,-2.0,92.0,9200000.0,1840000.0,6.963787827345556,6.264817823009537,4.835552722108027,,,,,,,,,,,-,-,3,1,1.C11
311,R3,out,1-,C12,0.2,-3.0,43.0,43000000.0,8600000.0,7.633468455579586,6.9344984512435675,4.106894233914658,,,,,,,,,,,-,-,3,1,1.C12
318,R3,out,1-,E1,0.2,-2.0,28.0,2800000.0,560000.0,6.447158031342219,5.748188027006201,5.186310424237368,,,,,,,,,,,-,-,3,1,1.E1
319,R3,out,1-,E2,0.2,-2.0,39.0,3900000.0,780000.0,6.5910646070264995,5.892094602690481,5.021719249693236,,,,,,,,,,,-,-,3,1,1.E2
320,R3,out,1-,E3,0.2,-2.0,27.0,2700000.0,540000.0,6.431363764158987,5.732393759822968,4.91105891666322,,,,,,,,,,,-,-,3,1,1.E3
321,R3,out,1-,E4,0.2,-2.0,29.0,2900000.0,580000.0,6.4623979978989565,5.763427993562937,4.968965766260032,,,,,,,,,,,-,-,3,1,1.E4
322,R3,out,1-,E5,0.2,-2.0,26.0,2600000.0,520000.0,6.414973347970818,5.7160033436347994,4.907245946763101,,,,,,,,,,,-,-,3,1,1.E5
323,R3,out,1-,E6,0.2,-1.0,19.0,190000.0,38000.0,5.278753600952829,4.57978359661681,5.2527253160894265,,,,,,,,,,,-,-,3,1,1.E6
330,R3,out,2-,G7,0.2,-3.0,28.0,28000000.0,5600000.0,7.447158031342219,6.748188027006201,5.096910013008056,,,,,,,,,,,-,-,3,2,2.G7
331,R3,out,2-,G8,0.2,-2.0,46.0,4600000.0,920000.0,6.662757831681574,5.963787827345556,5.752215516289244,,,,,,,,,,,-,-,3,2,2.G8
332,R3,out,2-,G9,0.2,-3.0,23.0,23000000.0,4600000.0,7.361727836017593,6.662757831681574,5.206473888049402,,,,,,,,,,,-,-,3,2,2.G9
333,R3,out,2-,G10,0.2,-2.0,65.0,6500000.0,1300000.0,6.812913356642856,6.113943352306837,5.789146634685107,,,,,,,,,,,-,-,3,2,2.G10
334,R3,out,2-,G11,0.2,-2.0,24.0,2400000.0,480000.0,6.380211241711606,5.681241237375588,5.920818753952375,,,,,,,,,,,-,-,3,2,2.G11
335,R3,out,2-,G12,0.2,-2.0,107.0,10700000.0,2140000.0,7.02938377768521,6.330413773349191,5.313038903136997,,,,,,,,,,,-,-,3,2,2.G12
342,R3,out,2-,A1,0.2,-2.0,60.0,6000000.0,1200000.0,6.778151250383644,6.079181246047625,4.790050473683351,,,,,,,,,,,-,-,3,2,2.A1
343,R3,out,2-,A2,0.2,-2.0,45.0,4500000.0,900000.0,6.653212513775344,5.954242509439325,4.865301426102544,,,,,,,,,,,-,-,3,2,2.A2
344,R3,out,2-,A3,0.2,-2.0,72.0,7200000.0,1440000.0,6.857332496431268,6.158362492095249,4.858670847203531,,,,,,,,,,,-,-,3,2,2.A3
345,R3,out,2-,A4,0.2,-2.0,65.0,6500000.0,1300000.0,6.812913356642856,6.113943352306837,4.73115468770742,,,,,,,,,,,-,-,3,2,2.A4
346,R3,out,2-,A5,0.2,-2.0,46.0,4600000.0,920000.0,6.662757831681574,5.963787827345556,5.093117023990917,,,,,,,,,,,-,-,3,2,2.A5
347,R3,out,2-,A6,0.2,-2.0,44.0,4400000.0,880000.0,6.643452676486188,5.944482672150168,4.847909017348086,,,,,,,,,,,-,-,3,2,2.A6
354,R3,out,2-,C7,0.2,-3.0,18.0,18000000.0,3600000.0,7.2552725051033065,6.556302500767287,4.27620641193895,,,,,,,,,,,-,-,3,2,2.C7
355,R3,out,2-,C8,0.2,-3.0,16.0,16000000.0,3200000.0,7.204119982655925,6.505149978319906,4.287241711178348,,,,,,,,,,,-,-,3,2,2.C8
356,R3,out,2-,C9,0.2,-3.0,20.0,20000000.0,4000000.0,7.301029995663981,6.6020599913279625,3.845098040014257,,,,,,,,,,,-,-,3,2,2.C9
357,R3,out,2-,C10,0.2,-3.0,66.0,66000000.0,13200000.0,7.819543935541868,7.12057393120585,3.6575773191777943,,,,,,,,,,,-,-,3,2,2.C10
358,R3,out,2-,C11,0.2,-3.0,35.0,35000000.0,7000000.0,7.544068044350276,6.845098040014257,3.5698753079565613,,,,,,,,,,,-,-,3,2,2.C11
359,R3,out,2-,C12,0.2,-3.0,35.0,35000000.0,7000000.0,7.544068044350276,6.845098040014257,4.0,,,,,,,,,,,-,-,3,2,2.C12
366,R3,out,2-,E1,0.2,-1.0,70.0,700000.0,140000.0,5.845098040014257,5.146128035678238,4.079181246047625,,,,,,,,,,,-,-,3,2,2.E1
367,R3,out,2-,E2,0.2,-2.0,83.0,8300000.0,1660000.0,6.919078092376074,6.220108088040055,4.82128459711817,,,,,,,,,,,-,-,3,2,2.E2
368,R3,out,2-,E3,0.2,-2.0,77.0,7700000.0,1540000.0,6.886490725172482,6.187520720836463,4.7569619513137065,,,,,,,,,,,-,-,3,2,2.E3
369,R3,out,2-,E4,0.2,-2.0,88.0,8800000.0,1760000.0,6.944482672150168,6.2455126678141495,4.623719051916827,,,,,,,,,,,-,-,3,2,2.E4
370,R3,out,2-,E5,0.2,-2.0,71.0,7100000.0,1420000.0,6.8512583487190755,6.152288344383057,4.528952892992531,,,,,,,,,,,-,-,3,2,2.E5
371,R3,out,2-,E6,0.2,-2.0,96.0,9600000.0,1920000.0,6.982271233039568,6.283301228703549,4.608793373986932,,,,,,,,,,,-,-,3,2,2.E6
378,R3,out,2-,G7,0.2,-3.0,42.0,42000000.0,8400000.0,7.623249290397901,6.924279286061882,5.335792101923193,,,,,,,,,,,-,-,3,2,2.G7
379,R3,out,2-,G8,0.2,-3.0,47.0,47000000.0,9400000.0,7.672097857935717,6.973127853599698,5.301029995663982,,,,,,,,,,,-,-,3,2,2.G8
380,R3,out,2-,G9,0.2,-3.0,32.0,32000000.0,6400000.0,7.505149978319906,6.8061799739838875,5.499171395462737,,,,,,,,,,,-,-,3,2,2.G9
381,R3,out,2-,G10,0.2,-3.0,60.0,60000000.0,12000000.0,7.778151250383644,7.079181246047625,5.217483944213907,,,,,,,,,,,-,-,3,2,2.G10
382,R3,out,2-,G11,0.2,-3.0,44.0,44000000.0,8800000.0,7.643452676486188,6.944482672150168,5.360868697296456,,,,,,,,,,,-,-,3,2,2.G11
383,R3,out,2-,G12,0.2,-3.0,65.0,65000000.0,13000000.0,7.812913356642856,7.113943352306837,5.084713734647586,,,,,,,,,,,-,-,3,2,2.G12
390,R4,out,1-,A1,0.2,-3.0,37.826763,37826763.0,7565352.600000001,7.577799178422353,6.878829174086334,5.454947748874799,,,,,,,,,,,-,-,4,1,1.A1
391,R4,out,1-,A2,0.2,-3.0,53.144585,53144585.0,10628917.0,7.725459020046047,7.026489015710029,5.2408088181952905,,,,,,,,,,,-,-,4,1,1.A2
392,R4,out,1-,A3,0.2,-3.0,92.796295,92796295.0,18559259.0,7.967530636852732,7.268560632516714,5.050191981844058,,,,,,,,,,,-,-,4,1,1.A3
393,R4,out,1-,A4,0.2,-3.0,24.66037,24660370.0,4932074.0,7.3919995883891865,6.693029584053168,5.701153174738414,,,,,,,,,,,-,-,4,1,1.A4
394,R4,out,1-,A5,0.2,-3.0,50.538124,50538124.0,10107624.8,7.703619116658499,7.00464911232248,5.38948834787232,,,,,,,,,,,-,-,4,1,1.A5
395,R4,out,1-,A6,0.2,-3.0,19.485996,19485996.0,3897199.2,7.289722609063736,6.590752604727717,5.704854457284304,,,,,,,,,,,-,-,4,1,1.A6
402,R4,out,1-,C7,0.2,-3.0,28.378613,28378613.0,5675722.600000001,7.452991165569431,6.754021161233412,5.3909421182032915,,,,,,,,,,,-,-,4,1,1.C7
403,R4,out,1-,C8,0.2,-2.0,88.061684,8806168.4,1761233.6800000002,6.944786986198623,6.245816981862604,5.775905130139612,,,,,,,,,,,-,-,4,1,1.C8
404,R4,out,1-,C9,0.2,-2.0,90.144821,9014482.1,1802896.42,6.954940780689798,6.255970776353779,5.934001003168808,,,,,,,,,,,-,-,4,1,1.C9
405,R4,out,1-,C10,0.2,-2.0,56.263657,5626365.7,1125273.1400000001,6.7502279568249905,6.051257952488972,6.123331150759761,,,,,,,,,,,-,-,4,1,1.C10
406,R4,out,1-,C11,0.2,-2.0,77.151917,7715191.7,1543038.34,6.887346721483789,6.18837671714777,5.924164589894314,,,,,,,,,,,-,-,4,1,1.C11
407,R4,out,1-,C12,0.2,-2.0,76.216293,7621629.299999999,1524325.8599999999,6.882047821780735,6.183077817444716,5.706122242655748,,,,,,,,,,,-,-,4,1,1.C12
414,R4,out,1-,E1,0.2,-3.0,49.997635,49997635.0,9999527.0,7.698949461721188,6.9999794573851695,4.835059170614798,,,,,,,,,,,-,-,4,1,1.E1
415,R4,out,1-,E2,0.2,-3.0,27.169939,27169939.0,5433987.800000001,7.434088663372137,6.735118659036118,4.957436735845679,,,,,,,,,,,-,-,4,1,1.E2
416,R4,out,1-,E3,0.2,-3.0,36.75967,36759670.0,7351934.0,7.565371603970267,6.866401599634249,5.142171381035674,,,,,,,,,,,-,-,4,1,1.E3
417,R4,out,1-,E4,0.2,-3.0,64.431198,64431197.99999999,12886239.6,7.809096206465892,7.110126202129873,5.073814755606865,,,,,,,,,,,-,-,4,1,1.E4
418,R4,out,1-,E5,0.2,-3.0,88.880791,88880791.0,17776158.2,7.94880791098014,7.249837906644121,4.5269551811806785,,,,,,,,,,,-,-,4,1,1.E5
419,R4,out,1-,E6,0.2,-1.0,23.922798,239227.98,47845.596000000005,5.378811973179899,4.67984196884388,4.3325288768449,,,,,,,,,,,-,-,4,1,1.E6
426,R4,out,1-,E7,0.2,-3.0,100.122559,100122559.0,20024511.8,8.000531941069791,7.301561936733773,4.919133584504056,,,,,,,,,,,-,-,4,1,1.E7
427,R4,out,1-,E8,0.2,-3.0,22.445843,22445843.0,4489168.600000001,7.351135920870358,6.652165916534339,5.539063579206714,,,,,,,,,,,-,-,4,1,1.E8
428,R4,out,1-,E9,0.2,-3.0,24.164616,24164616.0,4832923.2,7.383179898154555,6.684209893818537,5.642120341731106,,,,,,,,,,,-,-,4,1,1.E9
429,R4,out,1-,E10,0.2,-3.0,53.961472,53961472.0,10792294.4,7.7320837881599465,7.033113783823928,5.181437579644185,,,,,,,,,,,-,-,4,1,1.E10
430,R4,out,1-,E11,0.2,-3.0,66.73587,66735870.00000001,13347174.000000002,7.824359326506527,7.125389322170508,5.029806230198882,,,,,,,,,,,-,-,4,1,1.E11
431,R4,out,1-,E12,0.2,-2.0,77.285919,7728591.9,1545718.3800000001,6.888100375449371,6.189130371113352,5.961386032471589,,,,,,,,,,,-,-,4,1,1.E12
438,R4,out,1-,F7,0.2,-3.0,40.091843,40091843.0,8018368.600000001,7.6030560209881815,6.904086016652163,5.427719694216445,,,,,,,,,,,-,-,4,1,1.F7
439,R4,out,1-,F8,0.2,-2.0,15.617996,1561799.6,312359.92000000004,6.193625307263647,5.494655302927629,6.81846131428038,,,,,,,,,,,-,-,4,1,1.F8
440,R4,out,1-,F9,0.2,-2.0,24.578945,2457894.5,491578.9,6.390563237764776,5.691593233428757,6.655910980038038,,,,,,,,,,,-,-,4,1,1.F9
441,R4,out,1-,F10,0.2,-2.0,27.709194,2770919.4,554183.88,6.442623893286983,5.7436538889509645,6.60706281361572,,,,,,,,,,,-,-,4,1,1.F10
442,R4,out,1-,F11,0.2,-2.0,31.019644,3101964.4,620392.88,6.4916368092827845,5.792666804946766,6.575514605196698,,,,,,,,,,,-,-,4,1,1.F11
443,R4,out,1-,F12,0.2,-2.0,7.049983,704998.3,140999.66,5.848188069755215,5.149218065419197,7.1890921897633095,,,,,,,,,,,-,-,4,1,1.F12
450,R4,out,1-,G7,0.2,-2.0,113.700119,11370011.9,2274002.3800000004,7.055760919226136,6.356790914890118,5.763372262501935,,,,,,,,,,,-,-,4,1,1.G7
451,R4,out,1-,G8,0.2,-2.0,76.919418,7691941.799999999,1538388.3599999999,6.88603598955052,6.187065985214502,6.039679411334183,,,,,,,,,,,-,-,4,1,1.G8
452,R4,out,1-,G9,0.2,-2.0,63.476307,6347630.7,1269526.1400000001,6.8026116519174655,6.103641647581447,6.133630958938469,,,,,,,,,,,-,-,4,1,1.G9
453,R4,out,1-,G10,0.2,-2.0,36.638023,3663802.3,732760.46,6.563932030952268,5.864962026616249,6.128181148048354,,,,,,,,,,,-,-,4,1,1.G10
454,R4,out,1-,G11,0.2,-2.0,48.744843,4874484.300000001,974896.8600000002,6.687928675929691,5.9889586715936725,6.21940928932582,,,,,,,,,,,-,-,4,1,1.G11
455,R4,out,1-,G12,0.2,-2.0,118.301613,11830161.3,2366032.2600000002,7.072990666117564,6.374020661781545,5.698900846728389,,,,,,,,,,,-,-,4,1,1.G12
462,R4,out,2-,A1,0.2,-3.0,51.545464,51545464.0,10309092.8,7.712190453393627,7.013220449057608,4.621455342012239,,,,,,,,,,,-,-,4,2,2.A1
463,R4,out,2-,A2,0.2,-2.0,123.500137,12350013.7,2470002.7399999998,7.091667439363385,6.392697435027366,5.256889475029717,,,,,,,,,,,-,-,4,2,2.A2
464,R4,out,2-,A3,0.2,-2.0,94.68129,9468129.0,1893625.8,6.976264166410246,6.277294162074227,5.719303598676724,,,,,,,,,,,-,-,4,2,2.A3
465,R4,out,2-,A4,0.2,-2.0,94.35939,9435939.0,1887187.8,6.974785124662792,6.275815120326773,5.882609815206538,,,,,,,,,,,-,-,4,2,2.A4
466,R4,out,2-,A5,0.2,-2.0,55.822205,5582220.5,1116444.1,6.746806987301648,6.047836982965629,5.901380618471407,,,,,,,,,,,-,-,4,2,2.A5
467,R4,out,2-,A6,0.2,-3.0,58.005699,58005699.0,11601139.8,7.763470664643336,7.064500660307317,5.045509820051242,,,,,,,,,,,-,-,4,2,2.A6
474,R4,out,2-,C7,0.2,-1.0,57.761913,577619.13,115523.826,5.761641568072423,5.062671563736404,7.17717951693595,,,,,,,,,,,-,-,4,2,2.C7
475,R4,out,2-,C8,0.2,-2.0,36.056763,3605676.3,721135.26,6.556986735299875,5.858016730963857,6.369273897770925,,,,,,,,,,,-,-,4,2,2.C8
476,R4,out,2-,C9,0.2,-2.0,27.754745,2775474.5,555094.9,6.443337241554328,5.744367237218309,6.432969002462347,,,,,,,,,,,-,-,4,2,2.C9
477,R4,out,2-,C10,0.2,-2.0,47.117393,4711739.3,942347.86,6.673181252979466,5.9742112486434475,6.086173779501612,,,,,,,,,,,-,-,4,2,2.C10
478,R4,out,2-,C11,0.2,-2.0,84.175545,8417554.5,1683510.9000000001,6.925185936936888,6.226215932600869,5.835718549361713,,,,,,,,,,,-,-,4,2,2.C11
479,R4,out,2-,C12,0.2,-2.0,76.889549,7688954.9,1537790.9800000002,6.885867313532522,6.186897309196503,5.883334582710825,,,,,,,,,,,-,-,4,2,2.C12
486,R4,out,2-,E1,0.2,-1.0,65.044846,650448.4600000001,130089.69200000002,5.813212889791712,5.114242885455694,3.774052431097372,,,,,,,,,,,-,-,4,2,2.E1
487,R4,out,2-,E2,0.2,-2.0,70.339554,7033955.4,1406791.08,6.847199610271043,6.1482296059350245,5.819086456895257,,,,,,,,,,,-,-,4,2,2.E2
488,R4,out,2-,E3,0.2,-2.0,64.505234,6450523.4,1290104.6800000002,6.809594955024345,6.110624950688326,5.979206938884712,,,,,,,,,,,-,-,4,2,2.E3
489,R4,out,2-,E4,0.2,-2.0,30.065191,3006519.1,601303.8200000001,6.478063967203057,5.779093962867038,5.330646838807266,,,,,,,,,,,-,-,4,2,2.E4
490,R4,out,2-,E5,0.2,-2.0,63.802818,6380281.8,1276056.36,6.804839860771675,6.105869856435656,5.150571589416386,,,,,,,,,,,-,-,4,2,2.E5
491,R4,out,2-,E6,0.2,-2.0,79.99971,7999970.999999999,1599994.2,6.903088412671593,6.2041184083355745,5.681685905247704,,,,,,,,,,,-,-,4,2,2.E6
498,R4,out,2-,G7,0.2,-2.0,60.952122,6095212.2,1219042.4400000002,6.784988829837067,6.086018825501048,5.9970885355377295,,,,,,,,,,,-,-,4,2,2.G7
499,R4,out,2-,G8,0.2,-2.0,89.346809,8934680.899999999,1786936.1799999997,6.95107904639467,6.252109042058652,5.66870069932112,,,,,,,,,,,-,-,4,2,2.G8
500,R4,out,2-,G9,0.2,-2.0,60.538208,6053820.8,1210764.16,6.782029561198848,6.083059556862829,5.72156244455575,,,,,,,,,,,-,-,4,2,2.G9
501,R4,out,2-,G10,0.2,-2.0,24.545124,2454512.4,490902.48,6.389965230462359,5.69099522612634,5.056312431826699,,,,,,,,,,,-,-,4,2,2.G10
502,R4,out,2-,G11,0.2,-2.0,26.20406,2620406.0,524081.2,6.41836858517446,5.719398580838441,6.025363734393882,,,,,,,,,,,-,-,4,2,2.G11
503,R4,out,2-,G12,0.2,-2.0,32.147503,3214750.3,642950.06,6.5071472455203985,5.80817724118438,5.380284539951367,,,,,,,,,,,-,-,4,2,2.G12
